Id,Category
0,40
1,26
2,2
3,2
4,71
5,45
6,92
7,14
8,10
9,40
10,57
11,80
12,93
13,85
14,75
15,33
16,45
17,31
18,100
19,92
20,9
21,89
22,45
23,35
24,63
25,80
26,29
27,89
28,57
29,72
30,100
31,40
32,41
33,38
34,23
35,40
36,84
37,51
38,10
39,26
40,31
41,1
42,92
43,47
44,31
45,29
46,2
47,0
48,72
49,40
50,71
51,71
52,87
53,2
54,90
55,31
56,10
57,84
58,91
59,100
60,27
61,94
62,100
63,84
64,9
65,91
66,85
67,99
68,48
69,65
70,57
71,40
72,79
73,48
74,71
75,86
76,40
77,72
78,48
79,1
80,30
81,86
82,99
83,92
84,24
85,84
86,45
87,0
88,93
89,70
90,37
91,45
92,58
93,29
94,1
95,30
96,42
97,5
98,40
99,0
100,44
101,87
102,94
103,10
104,89
105,11
106,48
107,95
108,44
109,80
110,80
111,71
112,92
113,48
114,98
115,0
116,13
117,0
118,84
119,40
120,48
121,71
122,27
123,48
124,99
125,48
126,48
127,48
128,90
129,38
130,87
131,31
132,95
133,12
134,31
135,29
136,51
137,1
138,29
139,24
140,92
141,24
142,99
143,40
144,24
145,10
146,99
147,45
148,63
149,48
150,40
151,100
152,40
153,88
154,91
155,60
156,39
157,38
158,86
159,39
160,40
161,9
162,40
163,48
164,0
165,34
166,89
167,80
168,92
169,90
170,86
171,26
172,2
173,91
174,2
175,9
176,90
177,98
178,98
179,40
180,31
181,93
182,41
183,14
184,48
185,34
186,45
187,87
188,36
189,71
190,9
191,48
192,33
193,29
194,5
195,40
196,31
197,45
198,80
199,26
200,55
201,71
202,24
203,63
204,100
205,98
206,5
207,99
208,98
209,53
210,31
211,89
212,40
213,40
214,57
215,83
216,89
217,99
218,75
219,40
220,40
221,18
222,55
223,48
224,98
225,71
226,55
227,71
228,2
229,84
230,24
231,2
232,0
233,57
234,36
235,70
236,80
237,40
238,1
239,2
240,38
241,40
242,98
243,92
244,40
245,63
246,17
247,35
248,31
249,36
250,40
251,40
252,26
253,57
254,93
255,100
256,53
257,27
258,40
259,100
260,23
261,10
262,74
263,32
264,2
265,59
266,45
267,63
268,48
269,89
270,48
271,90
272,55
273,48
274,45
275,45
276,48
277,75
278,40
279,0
280,40
281,26
282,100
283,35
284,48
285,89
286,51
287,94
288,45
289,40
290,26
291,86
292,7
293,48
294,29
295,32
296,26
297,91
298,92
299,74
300,51
301,100
302,0
303,45
304,99
305,84
306,40
307,2
308,88
309,44
310,26
311,10
312,33
313,27
314,2
315,2
316,93
317,88
318,88
319,98
320,71
321,0
322,98
323,2
324,73
325,34
326,7
327,52
328,1
329,40
330,29
331,71
332,40
333,9
334,45
335,2
336,26
337,99
338,10
339,11
340,74
341,87
342,91
343,28
344,48
345,27
346,100
347,71
348,100
349,40
350,51
351,41
352,74
353,85
354,4
355,83
356,45
357,40
358,71
359,88
360,7
361,2
362,37
363,93
364,99
365,65
366,48
367,48
368,24
369,51
370,33
371,71
372,10
373,98
374,80
375,32
376,0
377,26
378,26
379,63
380,63
381,40
382,4
383,44
384,31
385,57
386,91
387,2
388,98
389,70
390,40
391,40
392,1
393,92
394,51
395,71
396,40
397,27
398,80
399,40
400,40
401,92
402,51
403,2
404,2
405,100
406,40
407,8
408,85
409,92
410,48
411,99
412,48
413,10
414,48
415,45
416,98
417,48
418,82
419,48
420,100
421,92
422,30
423,5
424,9
425,91
426,35
427,10
428,80
429,2
430,25
431,27
432,94
433,40
434,40
435,86
436,51
437,90
438,91
439,48
440,100
441,89
442,66
443,40
444,91
445,10
446,100
447,55
448,48
449,31
450,9
451,31
452,41
453,26
454,9
455,57
456,35
457,45
458,88
459,3
460,71
461,40
462,91
463,0
464,70
465,29
466,48
467,8
468,67
469,83
470,1
471,38
472,40
473,99
474,91
475,51
476,88
477,31
478,26
479,40
480,21
481,1
482,92
483,75
484,49
485,2
486,6
487,89
488,1
489,40
490,84
491,7
492,26
493,45
494,26
495,2
496,80
497,91
498,31
499,28
500,9
501,71
502,45
503,95
504,99
505,45
506,71
507,99
508,25
509,80
510,40
511,40
512,90
513,87
514,48
515,27
516,1
517,88
518,0
519,99
520,40
521,86
522,92
523,40
524,27
525,48
526,100
527,91
528,48
529,40
530,9
531,68
532,27
533,48
534,2
535,2
536,7
537,7
538,91
539,100
540,31
541,48
542,38
543,86
544,51
545,26
546,29
547,1
548,29
549,45
550,96
551,48
552,51
553,48
554,57
555,48
556,40
557,92
558,2
559,27
560,0
561,59
562,40
563,63
564,0
565,91
566,84
567,2
568,2
569,55
570,41
571,45
572,80
573,91
574,48
575,83
576,66
577,1
578,41
579,92
580,1
581,24
582,91
583,0
584,98
585,62
586,98
587,59
588,51
589,40
590,2
591,6
592,94
593,25
594,55
595,91
596,9
597,40
598,48
599,87
600,71
601,95
602,48
603,13
604,24
605,7
606,10
607,10
608,80
609,80
610,41
611,36
612,26
613,1
614,2
615,80
616,41
617,8
618,3
619,1
620,57
621,88
622,71
623,89
624,48
625,9
626,40
627,92
628,72
629,57
630,57
631,31
632,57
633,87
634,51
635,40
636,40
637,57
638,0
639,78
640,84
641,63
642,10
643,31
644,87
645,92
646,26
647,40
648,93
649,100
650,92
651,51
652,91
653,40
654,38
655,12
656,85
657,69
658,52
659,31
660,2
661,30
662,24
663,40
664,34
665,32
666,55
667,48
668,2
669,84
670,31
671,18
672,32
673,40
674,9
675,26
676,10
677,49
678,100
679,32
680,84
681,84
682,31
683,26
684,57
685,27
686,31
687,71
688,48
689,17
690,2
691,1
692,29
693,71
694,45
695,7
696,84
697,88
698,0
699,34
700,55
701,58
702,29
703,51
704,92
705,89
706,24
707,91
708,44
709,48
710,58
711,48
712,91
713,96
714,40
715,45
716,44
717,61
718,40
719,40
720,40
721,24
722,36
723,26
724,44
725,45
726,2
727,63
728,40
729,49
730,89
731,93
732,7
733,22
734,2
735,61
736,33
737,48
738,41
739,8
740,55
741,52
742,48
743,92
744,73
745,40
746,40
747,2
748,59
749,40
750,31
751,32
752,44
753,36
754,90
755,100
756,40
757,74
758,91
759,41
760,40
761,98
762,9
763,10
764,2
765,26
766,48
767,34
768,72
769,5
770,2
771,7
772,35
773,44
774,0
775,32
776,71
777,93
778,27
779,45
780,59
781,0
782,89
783,48
784,45
785,71
786,92
787,72
788,58
789,98
790,98
791,91
792,7
793,52
794,40
795,98
796,7
797,71
798,30
799,8
800,26
801,2
802,41
803,48
804,92
805,34
806,15
807,7
808,45
809,91
810,88
811,2
812,26
813,57
814,48
815,63
816,40
817,63
818,18
819,100
820,40
821,26
822,27
823,84
824,31
825,57
826,51
827,40
828,98
829,40
830,57
831,36
832,98
833,35
834,88
835,80
836,100
837,80
838,48
839,48
840,57
841,2
842,98
843,83
844,48
845,80
846,98
847,80
848,99
849,40
850,30
851,66
852,69
853,41
854,0
855,15
856,27
857,55
858,12
859,1
860,98
861,100
862,89
863,51
864,100
865,80
866,2
867,27
868,100
869,57
870,31
871,57
872,89
873,45
874,90
875,40
876,80
877,45
878,91
879,57
880,84
881,71
882,48
883,98
884,34
885,12
886,26
887,1
888,9
889,100
890,10
891,23
892,2
893,93
894,12
895,40
896,80
897,7
898,2
899,19
900,89
901,98
902,13
903,98
904,0
905,31
906,100
907,60
908,90
909,98
910,68
911,71
912,59
913,100
914,41
915,43
916,94
917,71
918,73
919,1
920,87
921,44
922,52
923,26
924,39
925,57
926,34
927,88
928,21
929,7
930,40
931,10
932,40
933,7
934,98
935,48
936,40
937,38
938,82
939,82
940,19
941,31
942,87
943,2
944,72
945,71
946,55
947,92
948,98
949,48
950,83
951,40
952,98
953,40
954,57
955,55
956,72
957,36
958,26
959,74
960,17
961,60
962,2
963,51
964,10
965,40
966,90
967,27
968,0
969,61
970,45
971,100
972,86
973,31
974,29
975,40
976,0
977,85
978,40
979,99
980,24
981,70
982,38
983,48
984,2
985,92
986,2
987,31
988,27
989,55
990,5
991,40
992,40
993,40
994,19
995,31
996,87
997,90
998,31
999,51
1000,99
1001,0
1002,87
1003,36
1004,49
1005,48
1006,52
1007,74
1008,41
1009,36
1010,45
1011,100
1012,57
1013,43
1014,1
1015,1
1016,45
1017,68
1018,1
1019,87
1020,35
1021,45
1022,40
1023,91
1024,10
1025,86
1026,88
1027,45
1028,86
1029,38
1030,51
1031,79
1032,0
1033,95
1034,14
1035,45
1036,40
1037,85
1038,90
1039,98
1040,52
1041,100
1042,80
1043,26
1044,100
1045,11
1046,98
1047,39
1048,29
1049,84
1050,35
1051,40
1052,63
1053,31
1054,12
1055,63
1056,71
1057,7
1058,34
1059,91
1060,0
1061,2
1062,86
1063,100
1064,29
1065,26
1066,18
1067,31
1068,51
1069,5
1070,91
1071,91
1072,55
1073,9
1074,27
1075,48
1076,38
1077,98
1078,76
1079,45
1080,40
1081,52
1082,71
1083,63
1084,48
1085,0
1086,45
1087,48
1088,10
1089,70
1090,98
1091,26
1092,44
1093,45
1094,31
1095,100
1096,89
1097,2
1098,48
1099,40
1100,40
1101,55
1102,51
1103,35
1104,0
1105,48
1106,36
1107,40
1108,97
1109,51
1110,80
1111,48
1112,40
1113,71
1114,72
1115,82
1116,38
1117,7
1118,2
1119,79
1120,1
1121,72
1122,80
1123,29
1124,40
1125,0
1126,2
1127,27
1128,34
1129,48
1130,3
1131,38
1132,27
1133,18
1134,27
1135,1
1136,100
1137,100
1138,79
1139,10
1140,40
1141,29
1142,1
1143,86
1144,27
1145,89
1146,100
1147,48
1148,31
1149,48
1150,89
1151,40
1152,38
1153,26
1154,38
1155,40
1156,33
1157,29
1158,62
1159,7
1160,45
1161,31
1162,34
1163,5
1164,29
1165,19
1166,27
1167,45
1168,40
1169,30
1170,40
1171,80
1172,44
1173,48
1174,38
1175,18
1176,35
1177,87
1178,45
1179,2
1180,71
1181,2
1182,44
1183,9
1184,55
1185,63
1186,45
1187,2
1188,98
1189,2
1190,71
1191,44
1192,12
1193,10
1194,31
1195,29
1196,48
1197,26
1198,7
1199,1
1200,31
1201,100
1202,89
1203,80
1204,26
1205,44
1206,100
1207,5
1208,40
1209,7
1210,100
1211,40
1212,27
1213,88
1214,89
1215,89
1216,98
1217,10
1218,3
1219,93
1220,99
1221,33
1222,44
1223,57
1224,35
1225,27
1226,26
1227,76
1228,39
1229,80
1230,100
1231,51
1232,48
1233,8
1234,19
1235,2
1236,26
1237,2
1238,70
1239,79
1240,51
1241,91
1242,74
1243,41
1244,48
1245,83
1246,63
1247,22
1248,91
1249,7
1250,83
1251,98
1252,10
1253,84
1254,12
1255,71
1256,70
1257,86
1258,60
1259,91
1260,48
1261,44
1262,86
1263,1
1264,2
1265,39
1266,57
1267,31
1268,20
1269,55
1270,48
1271,45
1272,87
1273,98
1274,40
1275,100
1276,26
1277,24
1278,40
1279,87
1280,40
1281,82
1282,88
1283,1
1284,45
1285,45
1286,91
1287,68
1288,88
1289,48
1290,91
1291,59
1292,26
1293,90
1294,91
1295,80
1296,7
1297,80
1298,98
1299,89
1300,55
1301,48
1302,90
1303,0
1304,45
1305,40
1306,87
1307,36
1308,10
1309,38
1310,2
1311,45
1312,57
1313,88
1314,100
1315,40
1316,100
1317,59
1318,59
1319,88
1320,0
1321,45
1322,72
1323,40
1324,45
1325,7
1326,2
1327,27
1328,87
1329,41
1330,93
1331,48
1332,80
1333,2
1334,91
1335,31
1336,8
1337,26
1338,2
1339,98
1340,80
1341,45
1342,26
1343,9
1344,26
1345,30
1346,91
1347,92
1348,4
1349,48
1350,88
1351,84
1352,80
1353,7
1354,79
1355,98
1356,35
1357,100
1358,94
1359,80
1360,31
1361,63
1362,34
1363,48
1364,11
1365,97
1366,48
1367,40
1368,2
1369,41
1370,70
1371,100
1372,95
1373,40
1374,80
1375,27
1376,74
1377,40
1378,2
1379,86
1380,91
1381,58
1382,27
1383,44
1384,26
1385,2
1386,71
1387,48
1388,59
1389,91
1390,48
1391,92
1392,47
1393,40
1394,27
1395,40
1396,26
1397,71
1398,51
1399,91
1400,63
1401,86
1402,41
1403,7
1404,62
1405,84
1406,41
1407,9
1408,71
1409,0
1410,35
1411,85
1412,0
1413,89
1414,5
1415,71
1416,25
1417,33
1418,32
1419,66
1420,27
1421,71
1422,7
1423,98
1424,86
1425,31
1426,98
1427,88
1428,16
1429,48
1430,48
1431,45
1432,2
1433,7
1434,91
1435,7
1436,27
1437,34
1438,75
1439,7
1440,10
1441,2
1442,100
1443,98
1444,39
1445,82
1446,3
1447,38
1448,63
1449,44
1450,1
1451,38
1452,92
1453,40
1454,0
1455,71
1456,48
1457,54
1458,93
1459,44
1460,59
1461,40
1462,71
1463,40
1464,100
1465,88
1466,48
1467,29
1468,30
1469,2
1470,40
1471,6
1472,95
1473,92
1474,51
1475,2
1476,92
1477,0
1478,40
1479,25
1480,48
1481,5
1482,35
1483,48
1484,63
1485,88
1486,9
1487,48
1488,87
1489,41
1490,86
1491,13
1492,40
1493,40
1494,66
1495,74
1496,100
1497,100
1498,10
1499,26
1500,71
1501,38
1502,92
1503,80
1504,12
1505,40
1506,70
1507,45
1508,71
1509,84
1510,10
1511,74
1512,31
1513,45
1514,33
1515,65
1516,13
1517,0
1518,98
1519,72
1520,71
1521,40
1522,100
1523,61
1524,92
1525,2
1526,70
1527,29
1528,39
1529,40
1530,40
1531,79
1532,88
1533,2
1534,48
1535,92
1536,71
1537,40
1538,18
1539,2
1540,21
1541,91
1542,40
1543,41
1544,99
1545,87
1546,7
1547,21
1548,34
1549,44
1550,98
1551,36
1552,88
1553,55
1554,40
1555,39
1556,66
1557,71
1558,90
1559,74
1560,17
1561,40
1562,100
1563,40
1564,1
1565,60
1566,51
1567,91
1568,36
1569,0
1570,31
1571,5
1572,2
1573,30
1574,44
1575,71
1576,12
1577,69
1578,100
1579,97
1580,65
1581,52
1582,93
1583,72
1584,74
1585,12
1586,71
1587,86
1588,10
1589,45
1590,90
1591,2
1592,48
1593,66
1594,100
1595,98
1596,7
1597,48
1598,29
1599,66
1600,48
1601,65
1602,40
1603,2
1604,30
1605,44
1606,0
1607,29
1608,52
1609,48
1610,40
1611,19
1612,26
1613,51
1614,80
1615,82
1616,8
1617,89
1618,51
1619,40
1620,90
1621,36
1622,71
1623,100
1624,31
1625,91
1626,70
1627,90
1628,27
1629,10
1630,9
1631,9
1632,35
1633,82
1634,90
1635,98
1636,90
1637,98
1638,24
1639,76
1640,63
1641,99
1642,40
1643,48
1644,85
1645,100
1646,100
1647,80
1648,44
1649,2
1650,31
1651,71
1652,82
1653,44
1654,40
1655,100
1656,98
1657,55
1658,98
1659,80
1660,10
1661,38
1662,26
1663,51
1664,63
1665,41
1666,8
1667,17
1668,3
1669,92
1670,32
1671,48
1672,11
1673,80
1674,100
1675,80
1676,58
1677,48
1678,40
1679,84
1680,44
1681,10
1682,79
1683,31
1684,36
1685,53
1686,26
1687,98
1688,0
1689,100
1690,38
1691,24
1692,88
1693,12
1694,29
1695,87
1696,39
1697,40
1698,29
1699,25
1700,2
1701,30
1702,80
1703,84
1704,41
1705,29
1706,92
1707,96
1708,97
1709,40
1710,29
1711,90
1712,2
1713,84
1714,91
1715,92
1716,90
1717,2
1718,52
1719,63
1720,98
1721,0
1722,40
1723,57
1724,71
1725,1
1726,71
1727,12
1728,10
1729,54
1730,40
1731,48
1732,21
1733,31
1734,89
1735,2
1736,59
1737,86
1738,40
1739,91
1740,91
1741,2
1742,93
1743,33
1744,99
1745,100
1746,8
1747,51
1748,2
1749,8
1750,92
1751,41
1752,96
1753,51
1754,99
1755,57
1756,26
1757,48
1758,2
1759,31
1760,71
1761,31
1762,51
1763,7
1764,2
1765,80
1766,2
1767,24
1768,25
1769,98
1770,63
1771,91
1772,55
1773,58
1774,31
1775,91
1776,26
1777,41
1778,93
1779,80
1780,91
1781,59
1782,88
1783,18
1784,48
1785,89
1786,71
1787,48
1788,100
1789,88
1790,47
1791,94
1792,44
1793,0
1794,83
1795,99
1796,88
1797,40
1798,10
1799,75
1800,89
1801,66
1802,30
1803,40
1804,18
1805,41
1806,2
1807,88
1808,40
1809,3
1810,88
1811,98
1812,91
1813,86
1814,99
1815,35
1816,5
1817,54
1818,40
1819,40
1820,92
1821,37
1822,48
1823,80
1824,9
1825,91
1826,1
1827,8
1828,0
1829,44
1830,2
1831,2
1832,88
1833,40
1834,51
1835,2
1836,91
1837,2
1838,84
1839,2
1840,10
1841,12
1842,48
1843,57
1844,88
1845,82
1846,48
1847,82
1848,71
1849,49
1850,7
1851,88
1852,80
1853,48
1854,29
1855,100
1856,55
1857,45
1858,88
1859,71
1860,100
1861,98
1862,93
1863,2
1864,98
1865,32
1866,98
1867,100
1868,18
1869,5
1870,9
1871,27
1872,71
1873,71
1874,92
1875,32
1876,45
1877,48
1878,98
1879,74
1880,80
1881,29
1882,27
1883,26
1884,100
1885,55
1886,100
1887,45
1888,48
1889,57
1890,91
1891,52
1892,31
1893,40
1894,10
1895,99
1896,5
1897,92
1898,91
1899,7
1900,20
1901,24
1902,27
1903,40
1904,18
1905,10
1906,91
1907,1
1908,31
1909,40
1910,45
1911,71
1912,2
1913,55
1914,45
1915,2
1916,48
1917,40
1918,31
1919,89
1920,2
1921,70
1922,98
1923,10
1924,89
1925,85
1926,66
1927,84
1928,99
1929,55
1930,2
1931,31
1932,45
1933,53
1934,48
1935,6
1936,24
1937,70
1938,88
1939,29
1940,100
1941,100
1942,44
1943,36
1944,58
1945,87
1946,91
1947,71
1948,7
1949,40
1950,27
1951,35
1952,10
1953,26
1954,30
1955,31
1956,27
1957,74
1958,98
1959,48
1960,51
1961,74
1962,100
1963,52
1964,57
1965,0
1966,33
1967,100
1968,92
1969,100
1970,80
1971,36
1972,48
1973,91
1974,71
1975,2
1976,40
1977,27
1978,74
1979,34
1980,87
1981,18
1982,0
1983,2
1984,38
1985,54
1986,86
1987,31
1988,76
1989,9
1990,94
1991,26
1992,72
1993,10
1994,6
1995,91
1996,14
1997,45
1998,10
1999,37
2000,0
2001,57
2002,89
2003,40
2004,2
2005,40
2006,86
2007,63
2008,71
2009,10
2010,38
2011,34
2012,51
2013,0
2014,2
2015,80
2016,100
2017,49
2018,44
2019,62
2020,21
2021,98
2022,8
2023,90
2024,55
2025,44
2026,5
2027,70
2028,70
2029,58
2030,85
2031,9
2032,9
2033,91
2034,98
2035,66
2036,41
2037,57
2038,45
2039,26
2040,40
2041,91
2042,86
2043,59
2044,40
2045,2
2046,93
2047,48
2048,9
2049,33
2050,80
2051,80
2052,31
2053,70
2054,71
2055,72
2056,25
2057,74
2058,2
2059,52
2060,97
2061,40
2062,29
2063,2
2064,40
2065,2
2066,29
2067,29
2068,40
2069,18
2070,36
2071,30
2072,27
2073,57
2074,92
2075,8
2076,23
2077,15
2078,48
2079,99
2080,25
2081,57
2082,26
2083,84
2084,33
2085,98
2086,89
2087,87
2088,2
2089,88
2090,84
2091,27
2092,57
2093,51
2094,40
2095,32
2096,52
2097,61
2098,83
2099,33
2100,26
2101,100
2102,2
2103,82
2104,3
2105,58
2106,48
2107,27
2108,45
2109,90
2110,34
2111,19
2112,8
2113,89
2114,26
2115,12
2116,45
2117,74
2118,80
2119,86
2120,26
2121,2
2122,23
2123,40
2124,29
2125,0
2126,40
2127,45
2128,40
2129,95
2130,70
2131,89
2132,29
2133,91
2134,100
2135,27
2136,41
2137,7
2138,10
2139,55
2140,74
2141,0
2142,7
2143,9
2144,65
2145,2
2146,90
2147,39
2148,44
2149,45
2150,2
2151,80
2152,91
2153,27
2154,1
2155,1
2156,100
2157,2
2158,38
2159,44
2160,40
2161,35
2162,48
2163,48
2164,91
2165,31
2166,84
2167,2
2168,84
2169,40
2170,74
2171,8
2172,41
2173,100
2174,80
2175,40
2176,40
2177,40
2178,27
2179,34
2180,2
2181,91
2182,93
2183,2
2184,73
2185,89
2186,100
2187,7
2188,45
2189,17
2190,41
2191,2
2192,5
2193,89
2194,10
2195,51
2196,71
2197,51
2198,91
2199,0
2200,48
2201,0
2202,100
2203,7
2204,90
2205,84
2206,7
2207,49
2208,2
2209,29
2210,91
2211,8
2212,48
2213,80
2214,48
2215,91
2216,40
2217,24
2218,45
2219,45
2220,83
2221,38
2222,41
2223,59
2224,10
2225,66
2226,80
2227,89
2228,63
2229,71
2230,89
2231,57
2232,31
2233,2
2234,40
2235,59
2236,30
2237,45
2238,10
2239,87
2240,28
2241,33
2242,2
2243,9
2244,98
2245,51
2246,2
2247,70
2248,58
2249,2
2250,40
2251,93
2252,85
2253,90
2254,91
2255,40
2256,0
2257,99
2258,63
2259,48
2260,52
2261,40
2262,2
2263,0
2264,87
2265,12
2266,0
2267,71
2268,92
2269,44
2270,48
2271,91
2272,7
2273,80
2274,48
2275,90
2276,90
2277,88
2278,34
2279,31
2280,10
2281,71
2282,98
2283,27
2284,55
2285,5
2286,26
2287,7
2288,36
2289,65
2290,55
2291,99
2292,2
2293,8
2294,40
2295,41
2296,5
2297,45
2298,40
2299,27
2300,40
2301,90
2302,98
2303,35
2304,31
2305,33
2306,1
2307,100
2308,94
2309,44
2310,48
2311,91
2312,95
2313,52
2314,40
2315,31
2316,40
2317,70
2318,48
2319,51
2320,26
2321,41
2322,100
2323,40
2324,26
2325,66
2326,93
2327,16
2328,79
2329,41
2330,33
2331,100
2332,71
2333,93
2334,90
2335,41
2336,18
2337,48
2338,79
2339,92
2340,32
2341,40
2342,16
2343,69
2344,80
2345,90
2346,14
2347,30
2348,40
2349,95
2350,40
2351,32
2352,100
2353,40
2354,31
2355,40
2356,57
2357,36
2358,18
2359,0
2360,12
2361,73
2362,26
2363,48
2364,98
2365,7
2366,63
2367,29
2368,80
2369,70
2370,2
2371,2
2372,98
2373,40
2374,59
2375,100
2376,27
2377,71
2378,55
2379,100
2380,91
2381,2
2382,87
2383,26
2384,32
2385,45
2386,40
2387,94
2388,42
2389,100
2390,7
2391,87
2392,71
2393,48
2394,100
2395,31
2396,1
2397,36
2398,51
2399,18
2400,75
2401,0
2402,66
2403,89
2404,59
2405,15
2406,98
2407,57
2408,51
2409,3
2410,92
2411,45
2412,55
2413,24
2414,1
2415,90
2416,90
2417,2
2418,34
2419,75
2420,57
2421,100
2422,40
2423,94
2424,32
2425,48
2426,5
2427,32
2428,67
2429,40
2430,10
2431,69
2432,86
2433,51
2434,65
2435,98
2436,65
2437,27
2438,71
2439,71
2440,57
2441,2
2442,48
2443,44
2444,80
2445,27
2446,27
2447,95
2448,85
2449,98
2450,40
2451,90
2452,98
2453,45
2454,63
2455,2
2456,84
2457,40
2458,40
2459,84
2460,91
2461,88
2462,29
2463,98
2464,27
2465,44
2466,100
2467,98
2468,29
2469,57
2470,58
2471,91
2472,40
2473,98
2474,40
2475,99
2476,71
2477,89
2478,45
2479,91
2480,29
2481,18
2482,98
2483,98
2484,58
2485,41
2486,29
2487,40
2488,14
2489,8
2490,7
2491,48
2492,88
2493,72
2494,0
2495,2
2496,48
2497,87
2498,40
2499,45
2500,9
2501,80
2502,2
2503,0
2504,48
2505,91
2506,57
2507,100
2508,89
2509,41
2510,48
2511,10
2512,1
2513,3
2514,100
2515,31
2516,80
2517,2
2518,30
2519,98
2520,14
2521,54
2522,2
2523,63
2524,90
2525,100
2526,86
2527,98
2528,88
2529,98
2530,37
2531,71
2532,44
2533,31
2534,26
2535,0
2536,2
2537,100
2538,89
2539,87
2540,2
2541,100
2542,48
2543,100
2544,94
2545,63
2546,57
2547,80
2548,40
2549,26
2550,79
2551,38
2552,40
2553,100
2554,0
2555,48
2556,34
2557,2
2558,44
2559,92
2560,100
2561,98
2562,83
2563,95
2564,86
2565,27
2566,2
2567,40
2568,0
2569,1
2570,10
2571,9
2572,88
2573,32
2574,25
2575,0
2576,2
2577,80
2578,40
2579,31
2580,100
2581,71
2582,44
2583,23
2584,7
2585,44
2586,48
2587,100
2588,7
2589,80
2590,72
2591,66
2592,31
2593,32
2594,49
2595,52
2596,48
2597,80
2598,90
2599,100
2600,83
2601,29
2602,0
2603,12
2604,59
2605,55
2606,40
2607,71
2608,18
2609,26
2610,48
2611,36
2612,57
2613,2
2614,40
2615,80
2616,40
2617,27
2618,72
2619,48
2620,89
2621,87
2622,92
2623,55
2624,36
2625,70
2626,9
2627,5
2628,51
2629,29
2630,92
2631,2
2632,51
2633,10
2634,91
2635,59
2636,92
2637,46
2638,92
2639,31
2640,1
2641,11
2642,2
2643,86
2644,80
2645,80
2646,10
2647,31
2648,71
2649,91
2650,48
2651,1
2652,31
2653,40
2654,40
2655,1
2656,22
2657,94
2658,10
2659,30
2660,7
2661,48
2662,40
2663,98
2664,31
2665,88
2666,2
2667,7
2668,76
2669,86
2670,13
2671,27
2672,92
2673,100
2674,45
2675,9
2676,57
2677,26
2678,40
2679,70
2680,100
2681,48
2682,14
2683,5
2684,90
2685,26
2686,35
2687,41
2688,84
2689,2
2690,0
2691,100
2692,83
2693,29
2694,74
2695,80
2696,45
2697,39
2698,40
2699,74
2700,71
2701,71
2702,90
2703,34
2704,98
2705,5
2706,9
2707,30
2708,80
2709,40
2710,45
2711,10
2712,91
2713,89
2714,57
2715,74
2716,80
2717,78
2718,54
2719,35
2720,10
2721,89
2722,32
2723,45
2724,59
2725,63
2726,1
2727,35
2728,57
2729,18
2730,55
2731,19
2732,59
2733,40
2734,91
2735,91
2736,71
2737,91
2738,74
2739,40
2740,9
2741,5
2742,31
2743,1
2744,83
2745,40
2746,98
2747,99
2748,98
2749,38
2750,94
2751,74
2752,34
2753,0
2754,71
2755,100
2756,29
2757,45
2758,55
2759,90
2760,10
2761,2
2762,2
2763,0
2764,57
2765,100
2766,98
2767,69
2768,65
2769,23
2770,91
2771,9
2772,96
2773,79
2774,38
2775,63
2776,21
2777,100
2778,27
2779,57
2780,80
2781,29
2782,40
2783,31
2784,27
2785,40
2786,51
2787,98
2788,80
2789,7
2790,48
2791,92
2792,1
2793,36
2794,92
2795,1
2796,31
2797,7
2798,7
2799,32
2800,87
2801,80
2802,41
2803,48
2804,48
2805,83
2806,38
2807,38
2808,2
2809,2
2810,7
2811,10
2812,30
2813,82
2814,32
2815,35
2816,40
2817,41
2818,71
2819,9
2820,98
2821,26
2822,26
2823,0
2824,90
2825,72
2826,1
2827,45
2828,100
2829,88
2830,49
2831,41
2832,1
2833,29
2834,71
2835,38
2836,26
2837,98
2838,98
2839,7
2840,87
2841,99
2842,7
2843,91
2844,64
2845,18
2846,49
2847,0
2848,2
2849,40
2850,100
2851,40
2852,51
2853,55
2854,91
2855,48
2856,40
2857,1
2858,40
2859,100
2860,72
2861,32
2862,46
2863,80
2864,36
2865,75
2866,82
2867,89
2868,38
2869,89
2870,71
2871,2
2872,58
2873,74
2874,5
2875,48
2876,84
2877,29
2878,9
2879,72
2880,38
2881,45
2882,89
2883,40
2884,55
2885,27
2886,41
2887,74
2888,45
2889,26
2890,40
2891,12
2892,91
2893,31
2894,98
2895,7
2896,10
2897,40
2898,66
2899,72
2900,51
2901,48
2902,41
2903,19
2904,2
2905,40
2906,3
2907,12
2908,90
2909,80
2910,75
2911,100
2912,55
2913,91
2914,52
2915,40
2916,45
2917,80
2918,31
2919,48
2920,74
2921,34
2922,19
2923,0
2924,44
2925,91
2926,2
2927,40
2928,57
2929,89
2930,89
2931,10
2932,71
2933,71
2934,40
2935,31
2936,35
2937,51
2938,0
2939,2
2940,38
2941,88
2942,51
2943,41
2944,98
2945,92
2946,48
2947,48
2948,86
2949,5
2950,45
2951,92
2952,13
2953,80
2954,48
2955,44
2956,40
2957,29
2958,44
2959,2
2960,89
2961,89
2962,90
2963,40
2964,51
2965,72
2966,10
2967,63
2968,71
2969,98
2970,0
2971,48
2972,48
2973,63
2974,35
2975,98
2976,75
2977,31
2978,26
2979,57
2980,41
2981,44
2982,99
2983,48
2984,63
2985,87
2986,48
2987,31
2988,40
2989,44
2990,55
2991,57
2992,100
2993,5
2994,91
2995,52
2996,3
2997,87
2998,38
2999,98
3000,26
3001,26
3002,89
3003,89
3004,40
3005,66
3006,55
3007,51
3008,96
3009,28
3010,31
3011,33
3012,1
3013,25
3014,51
3015,95
3016,0
3017,24
3018,57
3019,0
3020,71
3021,40
3022,55
3023,51
3024,51
3025,98
3026,55
3027,63
3028,6
3029,84
3030,38
3031,0
3032,75
3033,45
3034,71
3035,24
3036,40
3037,52
3038,86
3039,32
3040,32
3041,48
3042,91
3043,31
3044,40
3045,88
3046,43
3047,26
3048,93
3049,48
3050,80
3051,40
3052,33
3053,7
3054,36
3055,0
3056,26
3057,1
3058,35
3059,45
3060,7
3061,48
3062,57
3063,98
3064,71
3065,31
3066,89
3067,88
3068,100
3069,92
3070,10
3071,99
3072,0
3073,89
3074,40
3075,40
3076,98
3077,9
3078,89
3079,45
3080,40
3081,27
3082,40
3083,35
3084,6
3085,48
3086,40
3087,89
3088,51
3089,86
3090,9
3091,51
3092,70
3093,26
3094,88
3095,9
3096,95
3097,57
3098,22
3099,1
3100,86
3101,89
3102,98
3103,45
3104,24
3105,26
3106,32
3107,15
3108,86
3109,41
3110,44
3111,98
3112,51
3113,40
3114,40
3115,86
3116,9
3117,84
3118,35
3119,48
3120,48
3121,49
3122,40
3123,40
3124,80
3125,35
3126,10
3127,99
3128,29
3129,92
3130,92
3131,95
3132,88
3133,98
3134,7
3135,66
3136,29
3137,40
3138,9
3139,27
3140,45
3141,82
3142,90
3143,40
3144,17
3145,98
3146,45
3147,40
3148,48
3149,9
3150,99
3151,71
3152,49
3153,58
3154,82
3155,40
3156,29
3157,40
3158,39
3159,100
3160,100
3161,29
3162,40
3163,63
3164,40
3165,40
3166,1
3167,95
3168,5
3169,10
3170,75
3171,40
3172,30
3173,88
3174,2
3175,40
3176,21
3177,0
3178,2
3179,48
3180,0
3181,92
3182,80
3183,10
3184,29
3185,5
3186,29
3187,0
3188,95
3189,27
3190,91
3191,0
3192,99
3193,64
3194,1
3195,7
3196,27
3197,92
3198,100
3199,99
3200,16
3201,26
3202,40
3203,26
3204,34
3205,11
3206,27
3207,48
3208,52
3209,84
3210,36
3211,55
3212,26
3213,40
3214,29
3215,10
3216,82
3217,27
3218,98
3219,29
3220,99
3221,48
3222,40
3223,57
3224,88
3225,99
3226,91
3227,8
3228,0
3229,44
3230,27
3231,70
3232,0
3233,92
3234,36
3235,63
3236,98
3237,45
3238,74
3239,40
3240,48
3241,38
3242,87
3243,86
3244,31
3245,100
3246,87
3247,40
3248,83
3249,2
3250,26
3251,51
3252,45
3253,48
3254,100
3255,44
3256,71
3257,31
3258,31
3259,38
3260,75
3261,12
3262,71
3263,51
3264,92
3265,51
3266,52
3267,41
3268,2
3269,93
3270,2
3271,70
3272,48
3273,40
3274,100
3275,48
3276,88
3277,93
3278,0
3279,98
3280,71
3281,86
3282,10
3283,5
3284,48
3285,40
3286,63
3287,57
3288,9
3289,98
3290,18
3291,57
3292,48
3293,88
3294,84
3295,48
3296,84
3297,98
3298,40
3299,1
3300,15
3301,98
3302,48
3303,27
3304,89
3305,31
3306,33
3307,2
3308,99
3309,38
3310,21
3311,10
3312,43
3313,88
3314,8
3315,44
3316,48
3317,2
3318,42
3319,83
3320,48
3321,98
3322,52
3323,10
3324,8
3325,2
3326,10
3327,45
3328,24
3329,40
3330,48
3331,55
3332,71
3333,10
3334,55
3335,63
3336,94
3337,13
3338,10
3339,48
3340,38
3341,10
3342,91
3343,66
3344,52
3345,40
3346,40
3347,48
3348,7
3349,45
3350,6
3351,71
3352,40
3353,65
3354,84
3355,57
3356,40
3357,99
3358,87
3359,9
3360,51
3361,31
3362,22
3363,41
3364,84
3365,92
3366,31
3367,9
3368,98
3369,7
3370,51
3371,51
3372,40
3373,21
3374,72
3375,100
3376,32
3377,84
3378,88
3379,66
3380,40
3381,36
3382,48
3383,10
3384,57
3385,98
3386,2
3387,48
3388,100
3389,45
3390,80
3391,40
3392,66
3393,90
3394,40
3395,1
3396,89
3397,27
3398,10
3399,10
3400,45
3401,1
3402,89
3403,51
3404,58
3405,80
3406,34
3407,48
3408,51
3409,89
3410,29
3411,26
3412,48
3413,34
3414,29
3415,87
3416,41
3417,85
3418,40
3419,88
3420,74
3421,50
3422,88
3423,100
3424,87
3425,40
3426,85
3427,27
3428,7
3429,2
3430,45
3431,31
3432,90
3433,55
3434,51
3435,90
3436,10
3437,8
3438,89
3439,99
3440,38
3441,78
3442,74
3443,0
3444,71
3445,41
3446,98
3447,10
3448,80
3449,45
3450,55
3451,48
3452,89
3453,75
3454,55
3455,92
3456,72
3457,100
3458,8
3459,66
3460,85
3461,100
3462,71
3463,13
3464,99
3465,99
3466,26
3467,0
3468,38
3469,30
3470,7
3471,35
3472,9
3473,70
3474,40
3475,2
3476,16
3477,57
3478,51
3479,41
3480,90
3481,2
3482,40
3483,40
3484,2
3485,40
3486,76
3487,2
3488,70
3489,40
3490,35
3491,91
3492,91
3493,98
3494,45
3495,45
3496,2
3497,57
3498,5
3499,84
3500,48
3501,91
3502,88
3503,48
3504,27
3505,28
3506,82
3507,51
3508,51
3509,40
3510,99
3511,2
3512,12
3513,31
3514,97
3515,26
3516,2
3517,80
3518,31
3519,45
3520,31
3521,0
3522,98
3523,44
3524,66
3525,93
3526,90
3527,98
3528,100
3529,45
3530,19
3531,10
3532,45
3533,7
3534,26
3535,9
3536,54
3537,52
3538,71
3539,27
3540,5
3541,88
3542,72
3543,84
3544,30
3545,99
3546,48
3547,57
3548,70
3549,35
3550,80
3551,57
3552,51
3553,40
3554,36
3555,31
3556,1
3557,24
3558,86
3559,2
3560,98
3561,40
3562,1
3563,2
3564,31
3565,100
3566,51
3567,40
3568,93
3569,34
3570,9
3571,41
3572,44
3573,44
3574,71
3575,7
3576,83
3577,40
3578,2
3579,99
3580,30
3581,10
3582,55
3583,44
3584,80
3585,0
3586,2
3587,30
3588,7
3589,40
3590,9
3591,87
3592,48
3593,79
3594,7
3595,24
3596,0
3597,48
3598,45
3599,0
3600,95
3601,99
3602,0
3603,40
3604,10
3605,89
3606,95
3607,100
3608,86
3609,0
3610,10
3611,40
3612,26
3613,5
3614,8
3615,47
3616,9
3617,27
3618,5
3619,27
3620,35
3621,70
3622,71
3623,40
3624,28
3625,45
3626,98
3627,51
3628,40
3629,9
3630,10
3631,44
3632,16
3633,88
3634,10
3635,28
3636,40
3637,100
3638,24
3639,95
3640,98
3641,92
3642,4
3643,100
3644,51
3645,2
3646,52
3647,93
3648,92
3649,48
3650,13
3651,80
3652,48
3653,44
3654,100
3655,51
3656,86
3657,74
3658,0
3659,2
3660,0
3661,44
3662,100
3663,2
3664,48
3665,34
3666,10
3667,71
3668,12
3669,74
3670,45
3671,29
3672,82
3673,38
3674,91
3675,98
3676,69
3677,92
3678,44
3679,33
3680,92
3681,100
3682,88
3683,38
3684,88
3685,40
3686,71
3687,92
3688,98
3689,40
3690,88
3691,98
3692,44
3693,40
3694,1
3695,40
3696,86
3697,29
3698,36
3699,36
3700,91
3701,40
3702,2
3703,98
3704,48
3705,40
3706,20
3707,29
3708,29
3709,99
3710,26
3711,82
3712,44
3713,91
3714,0
3715,98
3716,44
3717,80
3718,1
3719,40
3720,80
3721,86
3722,52
3723,83
3724,72
3725,45
3726,40
3727,87
3728,35
3729,55
3730,23
3731,2
3732,29
3733,48
3734,100
3735,9
3736,80
3737,7
3738,35
3739,72
3740,57
3741,7
3742,44
3743,8
3744,38
3745,100
3746,92
3747,59
3748,58
3749,100
3750,2
3751,12
3752,40
3753,31
3754,21
3755,35
3756,93
3757,31
3758,5
3759,100
3760,48
3761,40
3762,40
3763,48
3764,44
3765,100
3766,48
3767,55
3768,2
3769,0
3770,31
3771,93
3772,38
3773,10
3774,98
3775,88
3776,2
3777,27
3778,40
3779,34
3780,91
3781,48
3782,40
3783,35
3784,10
3785,48
3786,31
3787,89
3788,45
3789,83
3790,29
3791,28
3792,1
3793,16
3794,99
3795,40
3796,70
3797,38
3798,49
3799,89
3800,98
3801,31
3802,29
3803,0
3804,45
3805,41
3806,91
3807,90
3808,40
3809,47
3810,2
3811,40
3812,5
3813,87
3814,98
3815,44
3816,71
3817,40
3818,41
3819,89
3820,100
3821,100
3822,89
3823,40
3824,37
3825,40
3826,2
3827,34
3828,85
3829,7
3830,40
3831,90
3832,45
3833,29
3834,86
3835,29
3836,1
3837,9
3838,18
3839,31
3840,2
3841,19
3842,92
3843,40
3844,40
3845,58
3846,84
3847,98
3848,44
3849,7
3850,40
3851,80
3852,57
3853,68
3854,40
3855,26
3856,57
3857,90
3858,100
3859,45
3860,55
3861,9
3862,6
3863,24
3864,90
3865,45
3866,98
3867,80
3868,55
3869,97
3870,32
3871,7
3872,55
3873,26
3874,90
3875,41
3876,84
3877,79
3878,48
3879,27
3880,18
3881,66
3882,99
3883,55
3884,90
3885,32
3886,40
3887,28
3888,82
3889,1
3890,72
3891,59
3892,38
3893,51
3894,29
3895,38
3896,0
3897,95
3898,94
3899,32
3900,79
3901,2
3902,48
3903,31
3904,48
3905,72
3906,32
3907,7
3908,90
3909,2
3910,89
3911,88
3912,91
3913,44
3914,29
3915,34
3916,40
3917,48
3918,100
3919,0
3920,26
3921,26
3922,40
3923,93
3924,72
3925,40
3926,94
3927,26
3928,34
3929,7
3930,48
3931,0
3932,40
3933,27
3934,41
3935,41
3936,59
3937,80
3938,35
3939,98
3940,26
3941,15
3942,76
3943,80
3944,52
3945,26
3946,38
3947,51
3948,48
3949,55
3950,100
3951,100
3952,9
3953,48
3954,100
3955,71
3956,45
3957,71
3958,10
3959,45
3960,71
3961,18
3962,72
3963,40
3964,88
3965,41
3966,94
3967,91
3968,48
3969,71
3970,2
3971,26
3972,7
3973,98
3974,38
3975,97
3976,97
3977,29
3978,7
3979,40
3980,99
3981,100
3982,10
3983,3
3984,84
3985,100
3986,92
3987,42
3988,75
3989,5
3990,26
3991,40
3992,40
3993,38
3994,2
3995,18
3996,7
3997,30
3998,31
3999,35
4000,71
4001,91
4002,89
4003,48
4004,92
4005,70
4006,19
4007,48
4008,36
4009,2
4010,40
4011,48
4012,48
4013,87
4014,83
4015,57
4016,19
4017,91
4018,10
4019,65
4020,99
4021,87
4022,51
4023,88
4024,45
4025,100
4026,99
4027,91
4028,100
4029,75
4030,7
4031,89
4032,62
4033,98
4034,40
4035,0
4036,55
4037,40
4038,34
4039,31
4040,88
4041,2
4042,48
4043,31
4044,90
4045,19
4046,18
4047,10
4048,35
4049,26
4050,48
4051,100
4052,40
4053,84
4054,12
4055,74
4056,84
4057,86
4058,57
4059,2
4060,48
4061,93
4062,55
4063,40
4064,71
4065,40
4066,1
4067,12
4068,71
4069,0
4070,99
4071,31
4072,91
4073,48
4074,48
4075,2
4076,45
4077,91
4078,26
4079,19
4080,31
4081,45
4082,9
4083,74
4084,57
4085,5
4086,30
4087,55
4088,84
4089,7
4090,5
4091,48
4092,40
4093,48
4094,99
4095,75
4096,88
4097,10
4098,41
4099,100
4100,20
4101,25
4102,57
4103,48
4104,95
4105,52
4106,89
4107,40
4108,89
4109,12
4110,27
4111,40
4112,38
4113,14
4114,87
4115,35
4116,82
4117,26
4118,97
4119,51
4120,63
4121,40
4122,51
4123,92
4124,89
4125,75
4126,91
4127,8
4128,48
4129,92
4130,93
4131,41
4132,71
4133,71
4134,2
4135,2
4136,89
4137,66
4138,12
4139,48
4140,18
4141,63
4142,74
4143,26
4144,100
4145,36
4146,100
4147,35
4148,66
4149,70
4150,29
4151,35
4152,71
4153,80
4154,93
4155,2
4156,80
4157,92
4158,45
4159,1
4160,90
4161,40
4162,9
4163,40
4164,57
4165,86
4166,31
4167,26
4168,31
4169,55
4170,24
4171,98
4172,3
4173,10
4174,10
4175,27
4176,40
4177,98
4178,25
4179,9
4180,9
4181,26
4182,38
4183,52
4184,83
4185,26
4186,91
4187,92
4188,30
4189,71
4190,2
4191,48
4192,70
4193,31
4194,98
4195,70
4196,89
4197,40
4198,98
4199,80
4200,94
4201,89
4202,41
4203,30
4204,90
4205,27
4206,10
4207,100
4208,38
4209,57
4210,15
4211,95
4212,72
4213,91
4214,2
4215,86
4216,83
4217,58
4218,48
4219,57
4220,31
4221,74
4222,31
4223,30
4224,57
4225,98
4226,25
4227,10
4228,40
4229,27
4230,91
4231,98
4232,3
4233,63
4234,100
4235,29
4236,78
4237,41
4238,98
4239,100
4240,2
4241,7
4242,2
4243,63
4244,91
4245,75
4246,15
4247,87
4248,54
4249,80
4250,10
4251,31
4252,40
4253,5
4254,98
4255,40
4256,7
4257,98
4258,84
4259,9
4260,2
4261,2
4262,6
4263,2
4264,91
4265,2
4266,40
4267,13
4268,84
4269,72
4270,31
4271,5
4272,38
4273,52
4274,98
4275,48
4276,63
4277,36
4278,100
4279,53
4280,48
4281,34
4282,91
4283,31
4284,29
4285,14
4286,70
4287,71
4288,14
4289,40
4290,7
4291,49
4292,2
4293,42
4294,10
4295,1
4296,83
4297,3
4298,88
4299,63
4300,100
4301,31
4302,21
4303,71
4304,99
4305,0
4306,41
4307,92
4308,45
4309,57
4310,10
4311,31
4312,59
4313,80
4314,29
4315,51
4316,27
4317,44
4318,45
4319,91
4320,36
4321,99
4322,34
4323,40
4324,31
4325,91
4326,40
4327,94
4328,40
4329,29
4330,41
4331,44
4332,40
4333,89
4334,2
4335,91
4336,44
4337,29
4338,30
4339,58
4340,55
4341,45
4342,72
4343,48
4344,1
4345,2
4346,51
4347,70
4348,91
4349,59
4350,9
4351,84
4352,2
4353,12
4354,2
4355,9
4356,91
4357,45
4358,55
4359,7
4360,48
4361,57
4362,40
4363,63
4364,10
4365,44
4366,36
4367,74
4368,65
4369,31
4370,100
4371,40
4372,2
4373,44
4374,31
4375,1
4376,10
4377,12
4378,27
4379,40
4380,26
4381,89
4382,57
4383,24
4384,80
4385,90
4386,30
4387,39
4388,7
4389,17
4390,80
4391,26
4392,40
4393,9
4394,40
4395,26
4396,27
4397,55
4398,55
4399,19
4400,89
4401,38
4402,7
4403,36
4404,83
4405,29
4406,1
4407,71
4408,57
4409,100
4410,58
4411,40
4412,80
4413,21
4414,48
4415,12
4416,58
4417,2
4418,44
4419,35
4420,40
4421,99
4422,41
4423,10
4424,71
4425,40
4426,57
4427,71
4428,93
4429,71
4430,89
4431,41
4432,40
4433,0
4434,99
4435,2
4436,31
4437,76
4438,89
4439,41
4440,48
4441,89
4442,94
4443,100
4444,88
4445,40
4446,38
4447,2
4448,40
4449,40
4450,98
4451,89
4452,48
4453,74
4454,35
4455,41
4456,10
4457,29
4458,80
4459,10
4460,41
4461,48
4462,72
4463,86
4464,25
4465,48
4466,31
4467,66
4468,2
4469,40
4470,87
4471,2
4472,94
4473,9
4474,91
4475,98
4476,76
4477,71
4478,40
4479,9
4480,51
4481,0
4482,89
4483,70
4484,45
4485,89
4486,83
4487,49
4488,70
4489,88
4490,13
4491,25
4492,71
4493,41
4494,98
4495,27
4496,48
4497,99
4498,100
4499,2
4500,91
4501,83
4502,90
4503,30
4504,2
4505,40
4506,10
4507,100
4508,2
4509,92
4510,72
4511,36
4512,76
4513,74
4514,38
4515,45
4516,31
4517,48
4518,2
4519,91
4520,98
4521,26
4522,45
4523,31
4524,80
4525,24
4526,87
4527,38
4528,29
4529,99
4530,48
4531,44
4532,48
4533,91
4534,7
4535,33
4536,48
4537,83
4538,53
4539,1
4540,10
4541,85
4542,2
4543,24
4544,58
4545,98
4546,99
4547,45
4548,23
4549,91
4550,35
4551,40
4552,26
4553,26
4554,44
4555,94
4556,48
4557,1
4558,40
4559,91
4560,10
4561,44
4562,48
4563,39
4564,89
4565,2
4566,100
4567,40
4568,12
4569,100
4570,29
4571,84
4572,45
4573,40
4574,91
4575,2
4576,30
4577,91
4578,40
4579,91
4580,17
4581,90
4582,48
4583,65
4584,1
4585,57
4586,0
4587,88
4588,7
4589,29
4590,51
4591,83
4592,40
4593,9
4594,40
4595,48
4596,92
4597,18
4598,94
4599,100
4600,99
4601,71
4602,55
4603,0
4604,9
4605,24
4606,31
4607,100
4608,31
4609,5
4610,40
4611,40
4612,71
4613,16
4614,38
4615,63
4616,84
4617,29
4618,36
4619,5
4620,0
4621,13
4622,100
4623,5
4624,43
4625,95
4626,100
4627,40
4628,8
4629,21
4630,75
4631,29
4632,74
4633,15
4634,9
4635,40
4636,41
4637,31
4638,34
4639,40
4640,44
4641,44
4642,48
4643,40
4644,86
4645,44
4646,94
4647,38
4648,48
4649,40
4650,86
4651,40
4652,99
4653,10
4654,44
4655,35
4656,48
4657,38
4658,10
4659,71
4660,48
4661,88
4662,34
4663,7
4664,2
4665,36
4666,27
4667,72
4668,58
4669,9
4670,35
4671,71
4672,40
4673,34
4674,39
4675,84
4676,40
4677,57
4678,80
4679,48
4680,40
4681,31
4682,48
4683,98
4684,1
4685,91
4686,100
4687,71
4688,40
4689,45
4690,10
4691,57
4692,99
4693,40
4694,72
4695,16
4696,98
4697,23
4698,68
4699,34
4700,60
4701,40
4702,51
4703,98
4704,2
4705,72
4706,40
4707,31
4708,70
4709,98
4710,5
4711,71
4712,7
4713,2
4714,86
4715,54
4716,86
4717,31
4718,48
4719,100
4720,48
4721,91
4722,40
4723,6
4724,30
4725,40
4726,71
4727,0
4728,26
4729,2
4730,55
4731,36
4732,86
4733,82
4734,85
4735,9
4736,40
4737,74
4738,100
4739,85
4740,63
4741,100
4742,98
4743,59
4744,9
4745,2
4746,6
4747,26
4748,40
4749,80
4750,5
4751,29
4752,48
4753,7
4754,7
4755,1
4756,29
4757,45
4758,99
4759,29
4760,55
4761,70
4762,40
4763,86
4764,9
4765,2
4766,83
4767,98
4768,58
4769,88
4770,45
4771,40
4772,82
4773,35
4774,82
4775,21
4776,24
4777,48
4778,86
4779,100
4780,38
4781,45
4782,35
4783,51
4784,12
4785,31
4786,98
4787,29
4788,12
4789,51
4790,55
4791,26
4792,94
4793,36
4794,21
4795,52
4796,48
4797,48
4798,31
4799,80
4800,95
4801,36
4802,98
4803,27
4804,41
4805,40
4806,65
4807,84
4808,10
4809,9
4810,33
4811,40
4812,92
4813,84
4814,99
4815,90
4816,100
4817,95
4818,5
4819,12
4820,5
4821,13
4822,2
4823,87
4824,84
4825,40
4826,16
4827,10
4828,0
4829,48
4830,40
4831,31
4832,0
4833,36
4834,42
4835,44
4836,32
4837,52
4838,40
4839,2
4840,32
4841,40
4842,88
4843,1
4844,1
4845,100
4846,48
4847,75
4848,2
4849,98
4850,40
4851,10
4852,71
4853,100
4854,38
4855,92
4856,74
4857,72
4858,100
4859,48
4860,40
4861,54
4862,90
4863,98
4864,48
4865,40
4866,34
4867,10
4868,26
4869,79
4870,51
4871,26
4872,36
4873,26
4874,78
4875,40
4876,36
4877,90
4878,80
4879,75
4880,38
4881,92
4882,55
4883,63
4884,51
4885,51
4886,5
4887,92
4888,90
4889,48
4890,7
4891,58
4892,6
4893,51
4894,5
4895,11
4896,48
4897,88
4898,71
4899,9
4900,2
4901,45
4902,7
4903,72
4904,9
4905,31
4906,98
4907,2
4908,34
4909,25
4910,74
4911,71
4912,58
4913,30
4914,29
4915,7
4916,48
4917,7
4918,11
4919,18
4920,25
4921,48
4922,57
4923,5
4924,10
4925,94
4926,12
4927,48
4928,26
4929,11
4930,92
4931,36
4932,89
4933,36
4934,33
4935,99
4936,0
4937,84
4938,91
4939,37
4940,44
4941,7
4942,40
4943,71
4944,40
4945,84
4946,66
4947,2
4948,17
4949,26
4950,98
4951,40
4952,76
4953,31
4954,57
4955,44
4956,44
4957,16
4958,88
4959,65
4960,89
4961,38
4962,5
4963,48
4964,98
4965,98
4966,74
4967,7
4968,7
4969,1
4970,74
4971,5
4972,100
4973,32
4974,31
4975,98
4976,9
4977,71
4978,40
4979,31
4980,55
4981,24
4982,92
4983,30
4984,80
4985,40
4986,100
4987,2
4988,86
4989,48
4990,18
4991,41
4992,7
4993,9
4994,0
4995,40
4996,45
4997,72
4998,40
4999,45
5000,0
5001,92
5002,8
5003,63
5004,79
5005,83
5006,55
5007,51
5008,45
5009,66
5010,100
5011,26
5012,98
5013,100
5014,26
5015,100
5016,29
5017,99
5018,31
5019,31
5020,7
5021,9
5022,10
5023,99
5024,40
5025,92
5026,41
5027,86
5028,31
5029,40
5030,29
5031,59
5032,89
5033,98
5034,92
5035,10
5036,58
5037,8
5038,29
5039,26
5040,48
5041,29
5042,86
5043,45
5044,84
5045,99
5046,21
5047,91
5048,98
5049,92
5050,5
5051,91
5052,48
5053,98
5054,38
5055,90
5056,89
5057,84
5058,31
5059,2
5060,7
5061,1
5062,88
5063,91
5064,91
5065,41
5066,91
5067,8
5068,26
5069,57
5070,9
5071,48
5072,51
5073,27
5074,90
5075,21
5076,89
5077,92
5078,40
5079,89
5080,48
5081,9
5082,45
5083,26
5084,80
5085,90
5086,1
5087,75
5088,10
5089,41
5090,59
5091,34
5092,31
