Id,Category
0,0
1,47
2,0
3,2
4,3
5,72
6,0
7,58
8,3
9,62
10,99
11,3
12,42
13,99
14,18
15,90
16,88
17,0
18,86
19,26
20,3
21,10
22,23
23,40
24,81
25,99
26,10
27,84
28,0
29,86
30,90
31,99
32,18
33,18
34,99
35,90
36,47
37,0
38,41
39,40
40,0
41,40
42,99
43,81
44,40
45,99
46,79
47,0
48,42
49,29
50,53
51,92
52,18
53,93
54,86
55,86
56,3
57,33
58,81
59,0
60,81
61,81
62,52
63,21
64,0
65,0
66,85
67,18
68,62
69,79
70,79
71,41
72,30
73,62
74,87
75,86
76,0
77,53
78,86
79,3
80,21
81,52
82,79
83,0
84,40
85,93
86,0
87,0
88,41
89,79
90,79
91,21
92,0
93,61
94,76
95,88
96,88
97,40
98,0
99,29
100,41
101,79
102,14
103,10
104,79
105,40
106,90
107,49
108,90
109,95
110,3
111,61
112,92
113,52
114,99
115,3
116,14
117,0
118,79
119,0
120,90
121,40
122,78
123,52
124,21
125,90
126,86
127,40
128,0
129,40
130,35
131,0
132,18
133,80
134,95
135,21
136,86
137,0
138,21
139,55
140,0
141,0
142,99
143,99
144,21
145,10
146,21
147,81
148,18
149,90
150,40
151,52
152,0
153,3
154,0
155,19
156,0
157,3
158,86
159,64
160,40
161,0
162,40
163,86
164,0
165,69
166,74
167,3
168,90
169,52
170,86
171,26
172,28
173,90
174,53
175,99
176,62
177,52
178,92
179,40
180,62
181,18
182,81
183,22
184,86
185,42
186,98
187,40
188,86
189,21
190,3
191,52
192,26
193,62
194,31
195,0
196,0
197,86
198,3
199,62
200,46
201,62
202,61
203,82
204,90
205,99
206,69
207,21
208,81
209,53
210,52
211,79
212,95
213,62
214,21
215,3
216,18
217,64
218,21
219,52
220,18
221,61
222,3
223,0
224,18
225,95
226,49
227,33
228,99
229,21
230,0
231,88
232,0
233,3
234,86
235,0
236,79
237,62
238,41
239,0
240,3
241,90
242,99
243,47
244,64
245,3
246,21
247,62
248,62
249,40
250,62
251,0
252,25
253,3
254,10
255,62
256,41
257,97
258,52
259,62
260,18
261,10
262,42
263,99
264,47
265,99
266,70
267,42
268,79
269,52
270,40
271,52
272,19
273,90
274,21
275,3
276,70
277,69
278,0
279,95
280,91
281,10
282,90
283,20
284,90
285,53
286,0
287,62
288,79
289,99
290,62
291,98
292,62
293,52
294,62
295,74
296,99
297,79
298,0
299,74
300,3
301,99
302,79
303,21
304,41
305,99
306,0
307,88
308,0
309,61
310,36
311,3
312,52
313,3
314,0
315,0
316,40
317,86
318,86
319,58
320,21
321,0
322,21
323,52
324,20
325,21
326,52
327,14
328,42
329,0
330,62
331,18
332,52
333,42
334,0
335,3
336,52
337,3
338,10
339,40
340,18
341,4
342,36
343,3
344,62
345,21
346,40
347,87
348,99
349,99
350,88
351,41
352,21
353,13
354,57
355,90
356,45
357,79
358,62
359,0
360,52
361,91
362,35
363,99
364,19
365,40
366,86
367,86
368,47
369,0
370,90
371,41
372,10
373,0
374,3
375,14
376,0
377,62
378,90
379,49
380,3
381,40
382,19
383,65
384,92
385,87
386,88
387,76
388,79
389,57
390,99
391,10
392,88
393,86
394,90
395,18
396,40
397,10
398,42
399,86
400,40
401,52
402,0
403,2
404,0
405,86
406,0
407,42
408,90
409,79
410,52
411,42
412,0
413,10
414,52
415,99
416,99
417,21
418,81
419,86
420,28
421,86
422,41
423,80
424,91
425,4
426,23
427,0
428,40
429,0
430,18
431,62
432,64
433,18
434,88
435,86
436,0
437,42
438,0
439,40
440,52
441,40
442,66
443,92
444,0
445,3
446,99
447,0
448,86
449,90
450,0
451,62
452,41
453,90
454,99
455,3
456,46
457,23
458,21
459,3
460,0
461,21
462,92
463,47
464,0
465,64
466,62
467,81
468,99
469,99
470,21
471,41
472,0
473,61
474,45
475,3
476,3
477,90
478,29
479,21
480,23
481,0
482,52
483,40
484,10
485,50
486,69
487,0
488,81
489,90
490,90
491,98
492,62
493,84
494,26
495,49
496,86
497,4
498,90
499,3
500,81
501,40
502,24
503,21
504,21
505,86
506,3
507,0
508,52
509,88
510,95
511,20
512,3
513,41
514,86
515,41
516,90
517,0
518,3
519,98
520,81
521,86
522,0
523,40
524,3
525,90
526,11
527,84
528,45
529,99
530,45
531,21
532,33
533,62
534,93
535,88
536,40
537,40
538,99
539,90
540,53
541,57
542,88
543,36
544,0
545,29
546,77
547,0
548,0
549,91
550,14
551,90
552,3
553,90
554,41
555,54
556,40
557,90
558,49
559,18
560,3
561,99
562,29
563,18
564,3
565,0
566,88
567,62
568,31
569,94
570,18
571,18
572,0
573,90
574,86
575,90
576,18
577,3
578,62
579,62
580,52
581,18
582,99
583,0
584,90
585,21
586,54
587,19
588,21
589,0
590,72
591,31
592,3
593,61
594,41
595,3
596,42
597,99
598,86
599,18
600,3
601,18
602,86
603,62
604,42
605,52
606,3
607,28
608,41
609,40
610,3
611,86
612,62
613,42
614,81
615,10
616,3
617,79
618,3
619,47
620,21
621,40
622,41
623,10
624,52
625,84
626,99
627,3
628,41
629,21
630,61
631,72
632,81
633,61
634,72
635,62
636,99
637,49
638,0
639,0
640,95
641,3
642,0
643,90
644,40
645,100
646,29
647,0
648,40
649,98
650,0
651,88
652,0
653,91
654,0
655,41
656,45
657,18
658,51
659,90
660,95
661,81
662,89
663,99
664,74
665,76
666,84
667,86
668,40
669,52
670,0
671,67
672,47
673,0
674,0
675,61
676,10
677,61
678,95
679,39
680,99
681,99
682,0
683,90
684,23
685,42
686,21
687,0
688,52
689,40
690,4
691,53
692,99
693,21
694,21
695,100
696,84
697,3
698,81
699,35
700,88
701,95
702,99
703,3
704,52
705,40
706,9
707,3
708,21
709,86
710,99
711,52
712,79
713,40
714,84
715,40
716,99
717,47
718,90
719,21
720,86
721,88
722,52
723,52
724,11
725,92
726,62
727,88
728,0
729,40
730,98
731,96
732,67
733,79
734,79
735,0
736,90
737,86
738,41
739,3
740,42
741,25
742,62
743,86
744,21
745,84
746,29
747,0
748,10
749,90
750,62
751,97
752,61
753,3
754,33
755,26
756,0
757,61
758,0
759,58
760,79
761,41
762,91
763,79
764,0
765,90
766,14
767,49
768,53
769,18
770,61
771,62
772,62
773,50
774,92
775,99
776,0
777,46
778,41
779,19
780,11
781,40
782,40
783,0
784,21
785,40
786,10
787,25
788,45
789,40
790,78
791,0
792,99
793,0
794,57
795,41
796,95
797,3
798,88
799,70
800,62
801,39
802,88
803,33
804,52
805,69
806,3
807,40
808,99
809,0
810,88
811,40
812,62
813,23
814,40
815,23
816,62
817,61
818,41
819,80
820,91
821,31
822,25
823,52
824,62
825,3
826,0
827,31
828,62
829,41
830,72
831,86
832,86
833,49
834,3
835,3
836,90
837,3
838,46
839,45
840,0
841,0
842,61
843,40
844,90
845,46
846,99
847,20
848,88
849,0
850,3
851,49
852,3
853,41
854,28
855,22
856,23
857,3
858,41
859,41
860,99
861,40
862,40
863,62
864,99
865,3
866,21
867,33
868,10
869,21
870,0
871,41
872,86
873,99
874,20
875,29
876,3
877,21
878,21
879,3
880,40
881,20
882,29
883,95
884,62
885,21
886,54
887,3
888,79
889,9
890,10
891,18
892,0
893,13
894,41
895,0
896,19
897,86
898,0
899,31
900,61
901,0
902,23
903,61
904,80
905,62
906,47
907,42
908,90
909,90
910,3
911,91
912,62
913,90
914,41
915,3
916,3
917,0
918,82
919,58
920,49
921,79
922,40
923,78
924,56
925,40
926,86
927,57
928,49
929,52
930,62
931,52
932,99
933,40
934,61
935,40
936,84
937,0
938,47
939,31
940,99
941,27
942,79
943,40
944,0
945,0
946,18
947,0
948,21
949,29
950,94
951,40
952,0
953,40
954,49
955,19
956,91
957,45
958,46
959,3
960,18
961,52
962,79
963,92
964,86
965,28
966,90
967,84
968,3
969,42
970,33
971,52
972,52
973,0
974,18
975,40
976,81
977,62
978,0
979,20
980,49
981,91
982,40
983,0
984,61
985,52
986,0
987,45
988,21
989,87
990,18
991,95
992,62
993,10
994,88
995,90
996,47
997,62
998,40
999,0
1000,99
1001,3
1002,3
1003,40
1004,47
1005,62
1006,90
1007,60
1008,49
1009,86
1010,0
1011,62
1012,21
1013,41
1014,82
1015,62
1016,61
1017,20
1018,53
1019,18
1020,21
1021,41
1022,40
1023,0
1024,88
1025,52
1026,80
1027,61
1028,86
1029,40
1030,86
1031,3
1032,13
1033,80
1034,58
1035,18
1036,40
1037,62
1038,36
1039,3
1040,52
1041,84
1042,3
1043,85
1044,61
1045,40
1046,84
1047,62
1048,99
1049,99
1050,49
1051,62
1052,21
1053,31
1054,23
1055,41
1056,87
1057,90
1058,64
1059,59
1060,94
1061,81
1062,90
1063,0
1064,99
1065,77
1066,72
1067,40
1068,0
1069,97
1070,0
1071,99
1072,35
1073,94
1074,84
1075,52
1076,3
1077,99
1078,31
1079,61
1080,90
1081,0
1082,10
1083,61
1084,35
1085,31
1086,64
1087,40
1088,3
1089,3
1090,64
1091,42
1092,61
1093,3
1094,0
1095,97
1096,90
1097,74
1098,90
1099,40
1100,0
1101,3
1102,79
1103,35
1104,70
1105,52
1106,86
1107,21
1108,42
1109,3
1110,0
1111,52
1112,40
1113,79
1114,64
1115,42
1116,57
1117,40
1118,0
1119,81
1120,23
1121,30
1122,28
1123,52
1124,40
1125,81
1126,0
1127,25
1128,36
1129,52
1130,21
1131,45
1132,46
1133,40
1134,53
1135,42
1136,95
1137,10
1138,41
1139,10
1140,40
1141,40
1142,42
1143,62
1144,53
1145,36
1146,26
1147,36
1148,0
1149,52
1150,61
1151,90
1152,79
1153,90
1154,0
1155,79
1156,62
1157,40
1158,42
1159,40
1160,90
1161,29
1162,18
1163,18
1164,0
1165,18
1166,21
1167,90
1168,62
1169,88
1170,62
1171,40
1172,21
1173,86
1174,79
1175,81
1176,31
1177,0
1178,3
1179,35
1180,19
1181,2
1182,41
1183,3
1184,82
1185,0
1186,62
1187,62
1188,21
1189,0
1190,62
1191,21
1192,3
1193,46
1194,62
1195,41
1196,52
1197,90
1198,39
1199,0
1200,62
1201,52
1202,90
1203,88
1204,10
1205,69
1206,33
1207,23
1208,99
1209,0
1210,40
1211,99
1212,10
1213,0
1214,37
1215,10
1216,47
1217,0
1218,40
1219,81
1220,52
1221,90
1222,99
1223,93
1224,0
1225,3
1226,90
1227,0
1228,22
1229,10
1230,40
1231,0
1232,52
1233,30
1234,47
1235,0
1236,74
1237,0
1238,0
1239,95
1240,40
1241,86
1242,76
1243,41
1244,86
1245,74
1246,3
1247,20
1248,0
1249,90
1250,62
1251,40
1252,40
1253,40
1254,81
1255,87
1256,93
1257,86
1258,25
1259,0
1260,86
1261,14
1262,86
1263,3
1264,0
1265,40
1266,18
1267,0
1268,67
1269,79
1270,86
1271,13
1272,21
1273,21
1274,99
1275,62
1276,90
1277,18
1278,40
1279,18
1280,0
1281,53
1282,0
1283,42
1284,23
1285,92
1286,81
1287,18
1288,0
1289,62
1290,3
1291,47
1292,52
1293,90
1294,0
1295,46
1296,92
1297,79
1298,86
1299,90
1300,10
1301,86
1302,50
1303,3
1304,52
1305,21
1306,40
1307,45
1308,79
1309,41
1310,0
1311,0
1312,99
1313,90
1314,99
1315,0
1316,86
1317,33
1318,52
1319,0
1320,3
1321,81
1322,0
1323,40
1324,40
1325,31
1326,64
1327,64
1328,18
1329,3
1330,0
1331,21
1332,0
1333,70
1334,79
1335,6
1336,21
1337,62
1338,21
1339,39
1340,3
1341,0
1342,10
1343,62
1344,25
1345,88
1346,62
1347,3
1348,99
1349,54
1350,10
1351,41
1352,72
1353,62
1354,3
1355,21
1356,47
1357,95
1358,99
1359,0
1360,99
1361,62
1362,82
1363,45
1364,18
1365,42
1366,86
1367,40
1368,52
1369,41
1370,82
1371,86
1372,0
1373,98
1374,41
1375,88
1376,47
1377,0
1378,0
1379,62
1380,62
1381,0
1382,21
1383,41
1384,52
1385,20
1386,79
1387,0
1388,99
1389,79
1390,40
1391,99
1392,29
1393,21
1394,49
1395,21
1396,62
1397,0
1398,3
1399,49
1400,62
1401,86
1402,21
1403,40
1404,62
1405,28
1406,0
1407,81
1408,45
1409,53
1410,18
1411,40
1412,81
1413,80
1414,3
1415,21
1416,25
1417,14
1418,39
1419,39
1420,81
1421,76
1422,36
1423,92
1424,36
1425,87
1426,0
1427,0
1428,54
1429,52
1430,0
1431,0
1432,40
1433,52
1434,0
1435,0
1436,42
1437,81
1438,21
1439,86
1440,45
1441,49
1442,62
1443,61
1444,40
1445,3
1446,3
1447,0
1448,41
1449,26
1450,81
1451,0
1452,86
1453,67
1454,20
1455,3
1456,90
1457,81
1458,42
1459,0
1460,14
1461,99
1462,95
1463,40
1464,40
1465,86
1466,36
1467,95
1468,88
1469,62
1470,0
1471,40
1472,79
1473,0
1474,3
1475,3
1476,58
1477,0
1478,0
1479,58
1480,40
1481,45
1482,42
1483,40
1484,10
1485,0
1486,0
1487,86
1488,40
1489,23
1490,86
1491,90
1492,98
1493,57
1494,23
1495,49
1496,21
1497,97
1498,10
1499,47
1500,87
1501,99
1502,0
1503,40
1504,81
1505,50
1506,91
1507,49
1508,18
1509,52
1510,72
1511,18
1512,29
1513,21
1514,90
1515,99
1516,42
1517,79
1518,80
1519,3
1520,40
1521,90
1522,62
1523,74
1524,40
1525,0
1526,99
1527,90
1528,61
1529,0
1530,21
1531,41
1532,0
1533,91
1534,0
1535,0
1536,40
1537,10
1538,21
1539,3
1540,42
1541,86
1542,90
1543,42
1544,88
1545,99
1546,90
1547,62
1548,47
1549,18
1550,28
1551,36
1552,88
1553,21
1554,62
1555,49
1556,47
1557,99
1558,14
1559,18
1560,62
1561,40
1562,86
1563,52
1564,45
1565,40
1566,0
1567,7
1568,74
1569,40
1570,45
1571,41
1572,76
1573,3
1574,21
1575,49
1576,23
1577,61
1578,99
1579,62
1580,45
1581,40
1582,42
1583,3
1584,74
1585,99
1586,15
1587,62
1588,86
1589,21
1590,62
1591,81
1592,90
1593,40
1594,84
1595,10
1596,19
1597,51
1598,95
1599,18
1600,86
1601,40
1602,0
1603,0
1604,3
1605,46
1606,0
1607,99
1608,62
1609,90
1610,91
1611,18
1612,52
1613,0
1614,81
1615,20
1616,35
1617,25
1618,3
1619,90
1620,90
1621,52
1622,0
1623,3
1624,76
1625,90
1626,92
1627,62
1628,42
1629,10
1630,21
1631,31
1632,41
1633,79
1634,90
1635,39
1636,26
1637,0
1638,21
1639,53
1640,88
1641,40
1642,90
1643,52
1644,90
1645,99
1646,18
1647,3
1648,89
1649,0
1650,0
1651,19
1652,64
1653,18
1654,0
1655,52
1656,61
1657,42
1658,64
1659,3
1660,40
1661,3
1662,26
1663,0
1664,10
1665,81
1666,41
1667,95
1668,10
1669,18
1670,61
1671,40
1672,40
1673,3
1674,62
1675,41
1676,0
1677,62
1678,54
1679,86
1680,97
1681,10
1682,41
1683,42
1684,86
1685,41
1686,90
1687,79
1688,3
1689,54
1690,0
1691,23
1692,23
1693,41
1694,57
1695,41
1696,42
1697,0
1698,99
1699,21
1700,0
1701,0
1702,10
1703,23
1704,41
1705,99
1706,90
1707,53
1708,99
1709,0
1710,90
1711,90
1712,40
1713,3
1714,0
1715,0
1716,62
1717,62
1718,18
1719,55
1720,3
1721,18
1722,3
1723,18
1724,3
1725,41
1726,0
1727,41
1728,0
1729,40
1730,21
1731,86
1732,41
1733,40
1734,90
1735,47
1736,86
1737,36
1738,86
1739,0
1740,67
1741,39
1742,25
1743,62
1744,3
1745,77
1746,88
1747,3
1748,26
1749,95
1750,40
1751,81
1752,11
1753,31
1754,0
1755,72
1756,62
1757,100
1758,58
1759,40
1760,87
1761,90
1762,3
1763,40
1764,62
1765,3
1766,0
1767,21
1768,99
1769,49
1770,41
1771,86
1772,19
1773,80
1774,90
1775,99
1776,90
1777,41
1778,42
1779,10
1780,19
1781,10
1782,0
1783,40
1784,90
1785,10
1786,3
1787,95
1788,52
1789,0
1790,18
1791,81
1792,25
1793,0
1794,36
1795,61
1796,0
1797,90
1798,0
1799,61
1800,46
1801,49
1802,21
1803,92
1804,86
1805,41
1806,3
1807,18
1808,86
1809,79
1810,0
1811,99
1812,0
1813,62
1814,99
1815,35
1816,42
1817,98
1818,21
1819,0
1820,90
1821,0
1822,28
1823,58
1824,20
1825,0
1826,0
1827,3
1828,52
1829,99
1830,99
1831,0
1832,3
1833,62
1834,3
1835,2
1836,0
1837,0
1838,62
1839,90
1840,0
1841,81
1842,40
1843,87
1844,0
1845,53
1846,40
1847,3
1848,3
1849,62
1850,40
1851,40
1852,0
1853,52
1854,99
1855,86
1856,3
1857,99
1858,62
1859,90
1860,52
1861,18
1862,41
1863,99
1864,18
1865,29
1866,21
1867,11
1868,21
1869,18
1870,81
1871,18
1872,0
1873,61
1874,76
1875,26
1876,98
1877,52
1878,40
1879,21
1880,42
1881,90
1882,47
1883,85
1884,52
1885,23
1886,61
1887,19
1888,86
1889,35
1890,0
1891,0
1892,20
1893,99
1894,10
1895,21
1896,88
1897,0
1898,86
1899,40
1900,88
1901,21
1902,23
1903,62
1904,35
1905,49
1906,0
1907,49
1908,18
1909,45
1910,95
1911,3
1912,21
1913,55
1914,11
1915,81
1916,0
1917,62
1918,62
1919,52
1920,42
1921,0
1922,40
1923,10
1924,0
1925,86
1926,40
1927,49
1928,19
1929,3
1930,21
1931,14
1932,14
1933,0
1934,52
1935,74
1936,40
1937,0
1938,86
1939,0
1940,10
1941,4
1942,80
1943,86
1944,84
1945,3
1946,99
1947,26
1948,62
1949,62
1950,14
1951,52
1952,0
1953,62
1954,81
1955,62
1956,49
1957,82
1958,32
1959,40
1960,0
1961,18
1962,99
1963,86
1964,18
1965,3
1966,49
1967,95
1968,50
1969,52
1970,3
1971,3
1972,62
1973,0
1974,3
1975,42
1976,35
1977,55
1978,49
1979,42
1980,3
1981,18
1982,11
1983,99
1984,79
1985,62
1986,52
1987,76
1988,62
1989,40
1990,81
1991,90
1992,39
1993,0
1994,42
1995,3
1996,69
1997,84
1998,10
1999,3
2000,88
2001,3
2002,62
2003,0
2004,20
2005,21
2006,52
2007,21
2008,40
2009,10
2010,3
2011,82
2012,62
2013,88
2014,0
2015,3
2016,62
2017,61
2018,18
2019,99
2020,41
2021,99
2022,20
2023,90
2024,40
2025,40
2026,80
2027,3
2028,81
2029,21
2030,32
2031,88
2032,0
2033,0
2034,15
2035,80
2036,99
2037,21
2038,50
2039,90
2040,67
2041,10
2042,28
2043,28
2044,90
2045,67
2046,93
2047,29
2048,87
2049,85
2050,80
2051,88
2052,40
2053,3
2054,72
2055,88
2056,97
2057,74
2058,58
2059,62
2060,99
2061,40
2062,99
2063,97
2064,21
2065,0
2066,23
2067,99
2068,0
2069,36
2070,52
2071,81
2072,18
2073,57
2074,33
2075,21
2076,58
2077,3
2078,40
2079,3
2080,33
2081,87
2082,90
2083,85
2084,74
2085,40
2086,95
2087,72
2088,62
2089,10
2090,90
2091,80
2092,81
2093,53
2094,52
2095,99
2096,0
2097,47
2098,58
2099,90
2100,47
2101,40
2102,69
2103,79
2104,18
2105,47
2106,45
2107,3
2108,21
2109,28
2110,74
2111,99
2112,64
2113,18
2114,40
2115,62
2116,18
2117,74
2118,23
2119,90
2120,52
2121,87
2122,93
2123,95
2124,99
2125,81
2126,79
2127,41
2128,99
2129,21
2130,99
2131,32
2132,29
2133,0
2134,86
2135,76
2136,81
2137,62
2138,3
2139,40
2140,21
2141,21
2142,40
2143,3
2144,18
2145,61
2146,40
2147,40
2148,41
2149,0
2150,69
2151,18
2152,93
2153,41
2154,0
2155,88
2156,90
2157,0
2158,0
2159,40
2160,6
2161,77
2162,86
2163,40
2164,99
2165,67
2166,52
2167,0
2168,64
2169,0
2170,23
2171,72
2172,55
2173,61
2174,53
2175,0
2176,92
2177,40
2178,72
2179,18
2180,23
2181,62
2182,42
2183,3
2184,18
2185,22
2186,40
2187,62
2188,26
2189,23
2190,23
2191,0
2192,90
2193,85
2194,10
2195,40
2196,58
2197,20
2198,0
2199,40
2200,86
2201,81
2202,40
2203,0
2204,92
2205,40
2206,0
2207,49
2208,99
2209,52
2210,0
2211,25
2212,52
2213,8
2214,86
2215,0
2216,10
2217,62
2218,21
2219,0
2220,49
2221,0
2222,41
2223,62
2224,40
2225,23
2226,0
2227,58
2228,18
2229,84
2230,0
2231,21
2232,80
2233,99
2234,99
2235,52
2236,88
2237,99
2238,10
2239,95
2240,18
2241,6
2242,0
2243,18
2244,40
2245,81
2246,18
2247,0
2248,22
2249,0
2250,52
2251,62
2252,90
2253,90
2254,3
2255,84
2256,86
2257,86
2258,82
2259,40
2260,47
2261,0
2262,31
2263,3
2264,3
2265,23
2266,40
2267,40
2268,79
2269,21
2270,90
2271,57
2272,40
2273,41
2274,40
2275,81
2276,90
2277,79
2278,69
2279,62
2280,10
2281,87
2282,21
2283,79
2284,42
2285,35
2286,25
2287,90
2288,40
2289,31
2290,46
2291,99
2292,0
2293,21
2294,40
2295,42
2296,97
2297,24
2298,40
2299,74
2300,40
2301,62
2302,18
2303,21
2304,0
2305,36
2306,40
2307,90
2308,99
2309,22
2310,86
2311,67
2312,23
2313,62
2314,0
2315,52
2316,0
2317,3
2318,86
2319,0
2320,49
2321,41
2322,36
2323,62
2324,62
2325,18
2326,42
2327,41
2328,18
2329,41
2330,76
2331,58
2332,18
2333,26
2334,67
2335,81
2336,18
2337,36
2338,3
2339,90
2340,45
2341,86
2342,47
2343,18
2344,82
2345,61
2346,40
2347,0
2348,62
2349,40
2350,88
2351,54
2352,86
2353,0
2354,52
2355,57
2356,81
2357,86
2358,23
2359,31
2360,21
2361,18
2362,62
2363,86
2364,62
2365,99
2366,42
2367,29
2368,0
2369,0
2370,24
2371,0
2372,47
2373,12
2374,14
2375,18
2376,55
2377,3
2378,88
2379,86
2380,0
2381,10
2382,53
2383,62
2384,90
2385,45
2386,0
2387,88
2388,3
2389,62
2390,90
2391,21
2392,49
2393,28
2394,54
2395,90
2396,53
2397,45
2398,3
2399,87
2400,42
2401,41
2402,49
2403,0
2404,52
2405,3
2406,62
2407,21
2408,0
2409,79
2410,6
2411,0
2412,42
2413,42
2414,49
2415,86
2416,90
2417,45
2418,90
2419,21
2420,57
2421,28
2422,21
2423,18
2424,0
2425,90
2426,35
2427,62
2428,82
2429,0
2430,66
2431,40
2432,86
2433,3
2434,40
2435,62
2436,0
2437,41
2438,88
2439,40
2440,21
2441,3
2442,0
2443,79
2444,3
2445,84
2446,88
2447,79
2448,85
2449,40
2450,40
2451,90
2452,99
2453,90
2454,62
2455,61
2456,0
2457,0
2458,99
2459,87
2460,0
2461,90
2462,11
2463,10
2464,41
2465,26
2466,62
2467,40
2468,95
2469,95
2470,14
2471,40
2472,0
2473,52
2474,99
2475,21
2476,53
2477,99
2478,18
2479,52
2480,99
2481,22
2482,53
2483,99
2484,14
2485,41
2486,99
2487,91
2488,86
2489,82
2490,86
2491,40
2492,0
2493,41
2494,58
2495,3
2496,3
2497,81
2498,0
2499,99
2500,62
2501,10
2502,84
2503,0
2504,90
2505,0
2506,21
2507,40
2508,76
2509,41
2510,86
2511,87
2512,41
2513,3
2514,86
2515,0
2516,0
2517,72
2518,58
2519,35
2520,14
2521,72
2522,0
2523,35
2524,80
2525,90
2526,86
2527,90
2528,0
2529,99
2530,3
2531,79
2532,21
2533,0
2534,91
2535,0
2536,25
2537,90
2538,62
2539,40
2540,52
2541,61
2542,86
2543,52
2544,0
2545,64
2546,18
2547,53
2548,95
2549,62
2550,74
2551,0
2552,62
2553,45
2554,0
2555,90
2556,45
2557,0
2558,90
2559,45
2560,98
2561,10
2562,90
2563,21
2564,90
2565,49
2566,62
2567,21
2568,31
2569,69
2570,10
2571,40
2572,3
2573,18
2574,33
2575,3
2576,3
2577,3
2578,62
2579,91
2580,62
2581,40
2582,25
2583,53
2584,40
2585,21
2586,86
2587,61
2588,90
2589,21
2590,62
2591,79
2592,81
2593,52
2594,99
2595,99
2596,36
2597,67
2598,90
2599,90
2600,76
2601,79
2602,62
2603,41
2604,62
2605,0
2606,0
2607,0
2608,95
2609,85
2610,52
2611,86
2612,81
2613,3
2614,92
2615,3
2616,62
2617,42
2618,90
2619,98
2620,52
2621,23
2622,0
2623,10
2624,90
2625,0
2626,0
2627,18
2628,0
2629,11
2630,0
2631,0
2632,0
2633,10
2634,99
2635,95
2636,86
2637,43
2638,3
2639,90
2640,3
2641,95
2642,0
2643,52
2644,81
2645,79
2646,33
2647,21
2648,29
2649,0
2650,84
2651,42
2652,31
2653,0
2654,40
2655,80
2656,18
2657,18
2658,0
2659,3
2660,67
2661,86
2662,0
2663,19
2664,42
2665,92
2666,14
2667,62
2668,0
2669,62
2670,18
2671,81
2672,3
2673,52
2674,62
2675,42
2676,41
2677,90
2678,99
2679,91
2680,62
2681,90
2682,97
2683,49
2684,0
2685,10
2686,80
2687,49
2688,86
2689,3
2690,79
2691,11
2692,62
2693,21
2694,45
2695,3
2696,98
2697,49
2698,21
2699,76
2700,62
2701,18
2702,90
2703,99
2704,90
2705,97
2706,90
2707,84
2708,18
2709,86
2710,0
2711,79
2712,3
2713,99
2714,21
2715,74
2716,0
2717,3
2718,99
2719,62
2720,10
2721,42
2722,29
2723,62
2724,99
2725,23
2726,0
2727,47
2728,3
2729,21
2730,18
2731,57
2732,14
2733,62
2734,99
2735,41
2736,3
2737,0
2738,18
2739,21
2740,3
2741,49
2742,90
2743,2
2744,36
2745,0
2746,61
2747,3
2748,32
2749,3
2750,47
2751,81
2752,28
2753,3
2754,21
2755,86
2756,40
2757,0
2758,41
2759,88
2760,10
2761,0
2762,42
2763,0
2764,93
2765,99
2766,95
2767,41
2768,18
2769,42
2770,3
2771,92
2772,23
2773,41
2774,79
2775,64
2776,3
2777,62
2778,42
2779,95
2780,3
2781,99
2782,99
2783,62
2784,58
2785,0
2786,0
2787,62
2788,3
2789,40
2790,52
2791,15
2792,21
2793,86
2794,92
2795,41
2796,15
2797,52
2798,51
2799,90
2800,40
2801,10
2802,41
2803,0
2804,40
2805,39
2806,88
2807,18
2808,0
2809,21
2810,62
2811,10
2812,3
2813,3
2814,62
2815,42
2816,79
2817,49
2818,18
2819,18
2820,52
2821,62
2822,42
2823,0
2824,90
2825,0
2826,41
2827,78
2828,61
2829,0
2830,49
2831,18
2832,41
2833,47
2834,4
2835,91
2836,62
2837,52
2838,40
2839,40
2840,87
2841,99
2842,62
2843,81
2844,62
2845,49
2846,55
2847,53
2848,0
2849,10
2850,13
2851,62
2852,52
2853,10
2854,0
2855,47
2856,99
2857,3
2858,29
2859,90
2860,0
2861,99
2862,47
2863,3
2864,79
2865,58
2866,20
2867,19
2868,3
2869,49
2870,22
2871,3
2872,62
2873,23
2874,29
2875,86
2876,0
2877,95
2878,3
2879,35
2880,0
2881,23
2882,62
2883,0
2884,49
2885,61
2886,41
2887,97
2888,62
2889,78
2890,92
2891,99
2892,0
2893,90
2894,18
2895,88
2896,10
2897,90
2898,18
2899,42
2900,3
2901,52
2902,41
2903,3
2904,86
2905,36
2906,49
2907,58
2908,29
2909,91
2910,61
2911,95
2912,49
2913,0
2914,73
2915,40
2916,0
2917,94
2918,3
2919,29
2920,23
2921,42
2922,14
2923,62
2924,49
2925,35
2926,0
2927,40
2928,21
2929,14
2930,62
2931,0
2932,67
2933,57
2934,62
2935,62
2936,18
2937,0
2938,79
2939,0
2940,0
2941,3
2942,81
2943,41
2944,40
2945,86
2946,90
2947,86
2948,52
2949,21
2950,99
2951,40
2952,35
2953,23
2954,82
2955,89
2956,40
2957,0
2958,99
2959,20
2960,18
2961,19
2962,90
2963,0
2964,88
2965,88
2966,10
2967,0
2968,21
2969,12
2970,10
2971,0
2972,98
2973,0
2974,69
2975,84
2976,21
2977,86
2978,62
2979,81
2980,41
2981,41
2982,0
2983,29
2984,41
2985,23
2986,62
2987,72
2988,0
2989,42
2990,88
2991,23
2992,52
2993,18
2994,90
2995,99
2996,18
2997,14
2998,41
2999,40
3000,26
3001,21
3002,87
3003,62
3004,90
3005,50
3006,81
3007,28
3008,90
3009,41
3010,40
3011,90
3012,81
3013,42
3014,14
3015,41
3016,3
3017,42
3018,3
3019,3
3020,22
3021,21
3022,81
3023,0
3024,0
3025,81
3026,19
3027,72
3028,62
3029,10
3030,0
3031,55
3032,95
3033,52
3034,42
3035,99
3036,10
3037,13
3038,52
3039,18
3040,6
3041,98
3042,6
3043,90
3044,90
3045,0
3046,21
3047,90
3048,76
3049,86
3050,10
3051,3
3052,90
3053,86
3054,36
3055,81
3056,29
3057,3
3058,42
3059,18
3060,95
3061,52
3062,49
3063,0
3064,42
3065,90
3066,10
3067,0
3068,86
3069,0
3070,79
3071,21
3072,88
3073,52
3074,0
3075,62
3076,24
3077,69
3078,19
3079,21
3080,0
3081,74
3082,10
3083,61
3084,14
3085,52
3086,36
3087,62
3088,3
3089,86
3090,82
3091,88
3092,21
3093,40
3094,0
3095,41
3096,87
3097,81
3098,41
3099,20
3100,86
3101,31
3102,0
3103,18
3104,69
3105,14
3106,99
3107,90
3108,90
3109,41
3110,47
3111,40
3112,3
3113,3
3114,40
3115,52
3116,0
3117,90
3118,35
3119,99
3120,40
3121,21
3122,40
3123,92
3124,3
3125,3
3126,10
3127,21
3128,18
3129,21
3130,90
3131,95
3132,0
3133,97
3134,90
3135,90
3136,57
3137,86
3138,3
3139,18
3140,62
3141,3
3142,62
3143,98
3144,23
3145,18
3146,21
3147,0
3148,45
3149,64
3150,99
3151,72
3152,74
3153,49
3154,30
3155,62
3156,72
3157,61
3158,40
3159,86
3160,95
3161,99
3162,84
3163,88
3164,81
3165,90
3166,0
3167,40
3168,40
3169,28
3170,21
3171,92
3172,67
3173,3
3174,42
3175,99
3176,26
3177,3
3178,62
3179,52
3180,3
3181,62
3182,57
3183,0
3184,52
3185,76
3186,19
3187,58
3188,18
3189,10
3190,10
3191,3
3192,81
3193,41
3194,41
3195,62
3196,26
3197,90
3198,45
3199,99
3200,11
3201,26
3202,62
3203,52
3204,19
3205,3
3206,41
3207,52
3208,64
3209,54
3210,95
3211,95
3212,26
3213,22
3214,84
3215,10
3216,82
3217,41
3218,90
3219,61
3220,26
3221,36
3222,62
3223,21
3224,88
3225,30
3226,62
3227,92
3228,3
3229,18
3230,11
3231,20
3232,3
3233,99
3234,40
3235,90
3236,46
3237,55
3238,49
3239,40
3240,62
3241,0
3242,23
3243,86
3244,62
3245,52
3246,21
3247,52
3248,97
3249,31
3250,62
3251,0
3252,57
3253,29
3254,40
3255,14
3256,18
3257,62
3258,10
3259,3
3260,61
3261,41
3262,40
3263,3
3264,40
3265,81
3266,90
3267,41
3268,0
3269,41
3270,3
3271,69
3272,62
3273,91
3274,52
3275,45
3276,0
3277,21
3278,0
3279,62
3280,0
3281,86
3282,3
3283,49
3284,40
3285,90
3286,40
3287,0
3288,0
3289,78
3290,40
3291,81
3292,86
3293,3
3294,99
3295,62
3296,40
3297,31
3298,95
3299,45
3300,42
3301,3
3302,84
3303,35
3304,45
3305,0
3306,90
3307,58
3308,21
3309,3
3310,18
3311,40
3312,3
3313,79
3314,41
3315,21
3316,61
3317,0
3318,57
3319,90
3320,86
3321,40
3322,0
3323,10
3324,0
3325,88
3326,52
3327,41
3328,53
3329,95
3330,86
3331,18
3332,81
3333,36
3334,3
3335,3
3336,90
3337,62
3338,0
3339,90
3340,57
3341,10
3342,23
3343,61
3344,47
3345,10
3346,99
3347,86
3348,46
3349,0
3350,58
3351,3
3352,21
3353,3
3354,84
3355,58
3356,90
3357,74
3358,0
3359,31
3360,3
3361,52
3362,41
3363,41
3364,0
3365,3
3366,64
3367,0
3368,46
3369,81
3370,0
3371,0
3372,21
3373,41
3374,3
3375,89
3376,68
3377,84
3378,0
3379,18
3380,67
3381,75
3382,98
3383,0
3384,21
3385,19
3386,62
3387,86
3388,62
3389,49
3390,3
3391,10
3392,90
3393,0
3394,40
3395,88
3396,62
3397,41
3398,10
3399,40
3400,62
3401,90
3402,40
3403,3
3404,90
3405,3
3406,81
3407,52
3408,87
3409,99
3410,62
3411,62
3412,52
3413,49
3414,84
3415,3
3416,41
3417,90
3418,0
3419,3
3420,74
3421,18
3422,90
3423,99
3424,3
3425,0
3426,40
3427,64
3428,4
3429,90
3430,99
3431,0
3432,62
3433,81
3434,81
3435,52
3436,10
3437,41
3438,10
3439,95
3440,20
3441,41
3442,49
3443,0
3444,0
3445,49
3446,49
3447,0
3448,21
3449,95
3450,39
3451,86
3452,3
3453,3
3454,31
3455,40
3456,53
3457,86
3458,18
3459,58
3460,61
3461,62
3462,58
3463,21
3464,99
3465,0
3466,52
3467,13
3468,3
3469,41
3470,49
3471,23
3472,3
3473,99
3474,67
3475,52
3476,40
3477,18
3478,0
3479,0
3480,90
3481,40
3482,90
3483,79
3484,2
3485,86
3486,88
3487,88
3488,99
3489,0
3490,97
3491,90
3492,62
3493,62
3494,99
3495,0
3496,100
3497,99
3498,62
3499,21
3500,86
3501,10
3502,0
3503,10
3504,35
3505,18
3506,41
3507,3
3508,88
3509,10
3510,18
3511,90
3512,88
3513,98
3514,49
3515,62
3516,0
3517,81
3518,90
3519,99
3520,11
3521,81
3522,62
3523,44
3524,66
3525,10
3526,90
3527,99
3528,0
3529,99
3530,95
3531,58
3532,99
3533,97
3534,95
3535,62
3536,74
3537,85
3538,93
3539,41
3540,91
3541,0
3542,3
3543,53
3544,81
3545,3
3546,86
3547,95
3548,3
3549,26
3550,3
3551,41
3552,42
3553,62
3554,32
3555,0
3556,81
3557,21
3558,90
3559,0
3560,0
3561,0
3562,58
3563,42
3564,86
3565,52
3566,3
3567,92
3568,35
3569,90
3570,42
3571,41
3572,74
3573,49
3574,0
3575,98
3576,21
3577,0
3578,3
3579,3
3580,3
3581,10
3582,20
3583,99
3584,18
3585,79
3586,2
3587,41
3588,84
3589,99
3590,86
3591,3
3592,50
3593,3
3594,62
3595,81
3596,81
3597,45
3598,99
3599,84
3600,3
3601,90
3602,10
3603,91
3604,10
3605,18
3606,21
3607,52
3608,86
3609,99
3610,88
3611,62
3612,29
3613,74
3614,42
3615,40
3616,57
3617,58
3618,28
3619,87
3620,99
3621,21
3622,72
3623,99
3624,41
3625,84
3626,86
3627,10
3628,52
3629,21
3630,10
3631,52
3632,14
3633,40
3634,3
3635,72
3636,0
3637,40
3638,23
3639,21
3640,40
3641,45
3642,90
3643,79
3644,99
3645,0
3646,58
3647,76
3648,0
3649,86
3650,13
3651,3
3652,29
3653,58
3654,14
3655,3
3656,86
3657,49
3658,10
3659,0
3660,0
3661,49
3662,62
3663,0
3664,99
3665,25
3666,3
3667,40
3668,3
3669,81
3670,21
3671,99
3672,21
3673,3
3674,0
3675,62
3676,0
3677,91
3678,62
3679,90
3680,86
3681,86
3682,10
3683,0
3684,0
3685,90
3686,95
3687,90
3688,98
3689,21
3690,0
3691,18
3692,62
3693,86
3694,41
3695,84
3696,86
3697,21
3698,36
3699,86
3700,0
3701,52
3702,0
3703,42
3704,86
3705,0
3706,3
3707,62
3708,40
3709,79
3710,29
3711,95
3712,62
3713,62
3714,79
3715,61
3716,62
3717,88
3718,3
3719,3
3720,86
3721,11
3722,0
3723,90
3724,3
3725,21
3726,70
3727,87
3728,61
3729,41
3730,23
3731,3
3732,18
3733,86
3734,95
3735,42
3736,36
3737,100
3738,58
3739,88
3740,41
3741,62
3742,11
3743,98
3744,3
3745,52
3746,98
3747,21
3748,72
3749,14
3750,19
3751,41
3752,99
3753,86
3754,42
3755,23
3756,100
3757,58
3758,0
3759,98
3760,40
3761,99
3762,62
3763,90
3764,64
3765,64
3766,40
3767,41
3768,0
3769,47
3770,86
3771,42
3772,0
3773,3
3774,84
3775,0
3776,0
3777,97
3778,99
3779,18
3780,61
3781,90
3782,92
3783,18
3784,55
3785,0
3786,3
3787,3
3788,99
3789,81
3790,40
3791,41
3792,3
3793,21
3794,99
3795,90
3796,99
3797,81
3798,74
3799,87
3800,13
3801,0
3802,86
3803,0
3804,79
3805,41
3806,0
3807,90
3808,86
3809,24
3810,42
3811,21
3812,99
3813,40
3814,62
3815,31
3816,41
3817,98
3818,41
3819,58
3820,92
3821,0
3822,52
3823,0
3824,87
3825,10
3826,21
3827,88
3828,90
3829,26
3830,7
3831,62
3832,81
3833,62
3834,52
3835,87
3836,88
3837,99
3838,49
3839,90
3840,0
3841,95
3842,52
3843,99
3844,62
3845,19
3846,18
3847,3
3848,21
3849,69
3850,0
3851,3
3852,81
3853,95
3854,40
3855,36
3856,21
3857,90
3858,18
3859,54
3860,23
3861,31
3862,14
3863,49
3864,36
3865,99
3866,11
3867,10
3868,53
3869,14
3870,52
3871,26
3872,23
3873,62
3874,31
3875,81
3876,41
3877,87
3878,10
3879,97
3880,42
3881,58
3882,18
3883,41
3884,89
3885,0
3886,45
3887,53
3888,47
3889,81
3890,0
3891,6
3892,41
3893,0
3894,21
3895,3
3896,62
3897,18
3898,81
3899,29
3900,41
3901,25
3902,52
3903,0
3904,92
3905,0
3906,97
3907,45
3908,90
3909,3
3910,53
3911,3
3912,0
3913,99
3914,92
3915,31
3916,99
3917,0
3918,3
3919,3
3920,29
3921,2
3922,0
3923,62
3924,40
3925,0
3926,64
3927,89
3928,3
3929,25
3930,62
3931,3
3932,40
3933,42
3934,81
3935,49
3936,90
3937,62
3938,21
3939,99
3940,90
3941,81
3942,29
3943,21
3944,95
3945,31
3946,3
3947,0
3948,52
3949,3
3950,52
3951,3
3952,79
3953,99
3954,39
3955,18
3956,95
3957,88
3958,10
3959,88
3960,14
3961,92
3962,88
3963,0
3964,50
3965,41
3966,3
3967,40
3968,90
3969,58
3970,18
3971,33
3972,10
3973,97
3974,3
3975,26
3976,99
3977,99
3978,40
3979,62
3980,99
3981,57
3982,3
3983,3
3984,21
3985,90
3986,10
3987,88
3988,21
3989,74
3990,90
3991,100
3992,0
3993,90
3994,18
3995,11
3996,40
3997,41
3998,0
3999,72
4000,0
4001,90
4002,0
4003,86
4004,92
4005,0
4006,23
4007,90
4008,90
4009,0
4010,12
4011,79
4012,90
4013,21
4014,90
4015,18
4016,76
4017,0
4018,10
4019,3
4020,18
4021,21
4022,0
4023,86
4024,99
4025,62
4026,99
4027,0
4028,52
4029,11
4030,52
4031,3
4032,90
4033,52
4034,99
4035,3
4036,0
4037,0
4038,62
4039,0
4040,36
4041,0
4042,90
4043,0
4044,90
4045,41
4046,86
4047,3
4048,23
4049,90
4050,52
4051,61
4052,91
4053,52
4054,41
4055,49
4056,61
4057,90
4058,3
4059,40
4060,10
4061,0
4062,42
4063,52
4064,35
4065,62
4066,53
4067,3
4068,21
4069,3
4070,49
4071,62
4072,0
4073,86
4074,0
4075,62
4076,21
4077,91
4078,75
4079,21
4080,0
4081,0
4082,0
4083,2
4084,79
4085,21
4086,41
4087,21
4088,19
4089,0
4090,78
4091,21
4092,62
4093,47
4094,99
4095,88
4096,3
4097,10
4098,3
4099,39
4100,0
4101,80
4102,88
4103,86
4104,87
4105,21
4106,21
4107,62
4108,29
4109,49
4110,41
4111,99
4112,3
4113,21
4114,41
4115,23
4116,42
4117,0
4118,32
4119,90
4120,3
4121,10
4122,0
4123,0
4124,95
4125,18
4126,0
4127,49
4128,62
4129,0
4130,62
4131,82
4132,90
4133,91
4134,21
4135,90
4136,3
4137,46
4138,41
4139,10
4140,23
4141,55
4142,24
4143,85
4144,95
4145,95
4146,52
4147,41
4148,58
4149,3
4150,21
4151,18
4152,9
4153,3
4154,42
4155,0
4156,41
4157,99
4158,21
4159,53
4160,62
4161,99
4162,43
4163,0
4164,95
4165,86
4166,20
4167,25
4168,0
4169,49
4170,81
4171,61
4172,95
4173,3
4174,10
4175,42
4176,62
4177,42
4178,61
4179,0
4180,54
4181,14
4182,0
4183,99
4184,47
4185,92
4186,0
4187,0
4188,3
4189,92
4190,41
4191,52
4192,0
4193,49
4194,90
4195,0
4196,51
4197,40
4198,0
4199,88
4200,58
4201,45
4202,41
4203,42
4204,40
4205,42
4206,41
4207,90
4208,3
4209,95
4210,0
4211,3
4212,81
4213,62
4214,88
4215,86
4216,0
4217,18
4218,29
4219,18
4220,86
4221,29
4222,52
4223,72
4224,41
4225,95
4226,21
4227,10
4228,62
4229,18
4230,79
4231,42
4232,40
4233,88
4234,86
4235,3
4236,0
4237,41
4238,62
4239,16
4240,0
4241,62
4242,81
4243,10
4244,95
4245,40
4246,88
4247,99
4248,56
4249,33
4250,3
4251,90
4252,90
4253,20
4254,52
4255,3
4256,99
4257,99
4258,3
4259,0
4260,18
4261,0
4262,40
4263,0
4264,0
4265,41
4266,40
4267,42
4268,91
4269,0
4270,62
4271,87
4272,41
4273,86
4274,90
4275,6
4276,93
4277,86
4278,85
4279,88
4280,67
4281,33
4282,82
4283,90
4284,99
4285,62
4286,18
4287,41
4288,97
4289,91
4290,90
4291,62
4292,90
4293,49
4294,79
4295,3
4296,97
4297,3
4298,0
4299,80
4300,40
4301,0
4302,81
4303,88
4304,99
4305,3
4306,41
4307,3
4308,0
4309,81
4310,3
4311,62
4312,90
4313,0
4314,21
4315,42
4316,42
4317,82
4318,0
4319,0
4320,91
4321,41
4322,58
4323,28
4324,40
4325,0
4326,0
4327,42
4328,86
4329,99
4330,18
4331,62
4332,33
4333,21
4334,0
4335,0
4336,14
4337,99
4338,88
4339,35
4340,40
4341,99
4342,42
4343,84
4344,41
4345,77
4346,0
4347,98
4348,40
4349,52
4350,21
4351,99
4352,0
4353,41
4354,52
4355,0
4356,31
4357,21
4358,99
4359,52
4360,52
4361,21
4362,91
4363,79
4364,10
4365,95
4366,99
4367,40
4368,18
4369,0
4370,62
4371,99
4372,85
4373,42
4374,90
4375,21
4376,10
4377,18
4378,81
4379,84
4380,89
4381,22
4382,3
4383,42
4384,3
4385,49
4386,18
4387,99
4388,40
4389,79
4390,0
4391,99
4392,0
4393,88
4394,40
4395,62
4396,42
4397,81
4398,35
4399,41
4400,0
4401,81
4402,98
4403,11
4404,61
4405,10
4406,41
4407,35
4408,72
4409,62
4410,30
4411,70
4412,3
4413,80
4414,90
4415,21
4416,0
4417,0
4418,0
4419,42
4420,3
4421,57
4422,41
4423,10
4424,35
4425,95
4426,41
4427,10
4428,64
4429,33
4430,40
4431,18
4432,0
4433,88
4434,18
4435,10
4436,90
4437,45
4438,95
4439,41
4440,86
4441,0
4442,47
4443,40
4444,0
4445,0
4446,99
4447,62
4448,86
4449,78
4450,62
4451,88
4452,90
4453,18
4454,18
4455,41
4456,81
4457,90
4458,79
4459,3
4460,41
4461,86
4462,3
4463,86
4464,10
4465,40
4466,3
4467,28
4468,21
4469,99
4470,42
4471,0
4472,81
4473,79
4474,0
4475,53
4476,13
4477,21
4478,99
4479,40
4480,10
4481,40
4482,29
4483,3
4484,81
4485,0
4486,90
4487,49
4488,0
4489,0
4490,33
4491,21
4492,3
4493,23
4494,18
4495,33
4496,52
4497,3
4498,70
4499,0
4500,40
4501,40
4502,40
4503,53
4504,2
4505,0
4506,3
4507,42
4508,90
4509,0
4510,42
4511,36
4512,61
4513,41
4514,18
4515,91
4516,29
4517,52
4518,0
4519,20
4520,33
4521,26
4522,99
4523,41
4524,10
4525,93
4526,41
4527,79
4528,21
4529,3
4530,45
4531,61
4532,29
4533,0
4534,0
4535,62
4536,90
4537,90
4538,53
4539,42
4540,86
4541,76
4542,3
4543,41
4544,14
4545,40
4546,98
4547,99
4548,41
4549,86
4550,3
4551,86
4552,74
4553,18
4554,18
4555,3
4556,0
4557,18
4558,10
4559,0
4560,10
4561,40
4562,86
4563,62
4564,99
4565,74
4566,47
4567,47
4568,18
4569,62
4570,52
4571,84
4572,49
4573,0
4574,18
4575,0
4576,41
4577,0
4578,91
4579,52
4580,99
4581,40
4582,0
4583,18
4584,20
4585,87
4586,10
4587,0
4588,62
4589,80
4590,3
4591,47
4592,40
4593,81
4594,0
4595,90
4596,86
4597,0
4598,62
4599,41
4600,62
4601,40
4602,72
4603,79
4604,82
4605,40
4606,62
4607,40
4608,25
4609,18
4610,10
4611,40
4612,92
4613,18
4614,3
4615,49
4616,36
4617,40
4618,52
4619,49
4620,0
4621,13
4622,52
4623,14
4624,95
4625,92
4626,33
4627,86
4628,0
4629,49
4630,3
4631,99
4632,74
4633,81
4634,49
4635,98
4636,18
4637,68
4638,62
4639,10
4640,40
4641,42
4642,62
4643,3
4644,52
4645,52
4646,0
4647,21
4648,86
4649,50
4650,21
4651,0
4652,42
4653,10
4654,62
4655,80
4656,86
4657,0
4658,40
4659,87
4660,52
4661,0
4662,41
4663,33
4664,67
4665,86
4666,3
4667,0
4668,62
4669,0
4670,81
4671,40
4672,29
4673,65
4674,33
4675,78
4676,42
4677,21
4678,0
4679,14
4680,99
4681,49
4682,10
4683,23
4684,53
4685,99
4686,25
4687,3
4688,99
4689,95
4690,3
4691,81
4692,36
4693,82
4694,88
4695,61
4696,32
4697,95
4698,3
4699,49
4700,19
4701,0
4702,21
4703,99
4704,84
4705,84
4706,10
4707,81
4708,79
4709,62
4710,3
4711,18
4712,10
4713,0
4714,90
4715,23
4716,62
4717,14
4718,90
4719,95
4720,82
4721,0
4722,40
4723,18
4724,3
4725,86
4726,58
4727,68
4728,42
4729,0
4730,0
4731,0
4732,36
4733,81
4734,99
4735,42
4736,40
4737,40
4738,84
4739,97
4740,0
4741,21
4742,72
4743,35
4744,0
4745,62
4746,35
4747,47
4748,62
4749,49
4750,18
4751,49
4752,62
4753,0
4754,47
4755,62
4756,84
4757,50
4758,99
4759,40
4760,3
4761,0
4762,0
4763,36
4764,18
4765,88
4766,39
4767,40
4768,47
4769,0
4770,21
4771,91
4772,80
4773,99
4774,3
4775,99
4776,49
4777,62
4778,86
4779,90
4780,41
4781,0
4782,84
4783,88
4784,80
4785,0
4786,57
4787,28
4788,49
4789,0
4790,88
4791,52
4792,62
4793,52
4794,49
4795,0
4796,40
4797,86
4798,62
4799,10
4800,99
4801,86
4802,90
4803,34
4804,41
4805,86
4806,49
4807,95
4808,40
4809,0
4810,6
4811,21
4812,40
4813,42
4814,95
4815,81
4816,62
4817,52
4818,20
4819,41
4820,49
4821,13
4822,22
4823,95
4824,61
4825,10
4826,58
4827,81
4828,45
4829,99
4830,79
4831,40
4832,42
4833,86
4834,99
4835,10
4836,36
4837,52
4838,0
4839,0
4840,99
4841,21
4842,3
4843,81
4844,58
4845,10
4846,99
4847,23
4848,52
4849,0
4850,0
4851,0
4852,40
4853,90
4854,0
4855,3
4856,81
4857,55
4858,61
4859,86
4860,0
4861,62
4862,40
4863,90
4864,62
4865,40
4866,20
4867,0
4868,28
4869,18
4870,52
4871,0
4872,36
4873,86
4874,0
4875,10
4876,18
4877,90
4878,19
4879,0
4880,88
4881,0
4882,88
4883,24
4884,10
4885,88
4886,18
4887,0
4888,33
4889,28
4890,40
4891,18
4892,62
4893,23
4894,47
4895,92
4896,62
4897,0
4898,40
4899,0
4900,90
4901,62
4902,95
4903,3
4904,92
4905,70
4906,0
4907,81
4908,62
4909,97
4910,3
4911,18
4912,58
4913,11
4914,40
4915,99
4916,90
4917,92
4918,0
4919,0
4920,45
4921,62
4922,18
4923,81
4924,10
4925,41
4926,58
4927,52
4928,86
4929,90
4930,86
4931,33
4932,90
4933,86
4934,90
4935,0
4936,0
4937,95
4938,91
4939,0
4940,33
4941,0
4942,0
4943,3
4944,0
4945,40
4946,18
4947,0
4948,21
4949,10
4950,2
4951,0
4952,47
4953,67
4954,21
4955,12
4956,69
4957,21
4958,3
4959,95
4960,10
4961,95
4962,18
4963,99
4964,28
4965,79
4966,49
4967,31
4968,98
4969,41
4970,49
4971,42
4972,40
4973,85
4974,86
4975,21
4976,21
4977,18
4978,91
4979,0
4980,42
4981,25
4982,0
4983,81
4984,82
4985,31
4986,52
4987,40
4988,62
4989,62
4990,40
4991,87
4992,0
4993,23
4994,0
4995,40
4996,18
4997,88
4998,88
4999,0
5000,3
5001,0
5002,41
5003,40
5004,79
5005,52
5006,88
5007,0
5008,0
5009,18
5010,86
5011,26
5012,18
5013,99
5014,90
5015,21
5016,95
5017,0
5018,90
5019,79
5020,0
5021,52
5022,10
5023,0
5024,81
5025,92
5026,84
5027,33
5028,86
5029,40
5030,98
5031,90
5032,0
5033,23
5034,62
5035,61
5036,85
5037,81
5038,40
5039,2
5040,52
5041,21
5042,52
5043,99
5044,52
5045,79
5046,41
5047,0
5048,62
5049,52
5050,18
5051,86
5052,86
5053,95
5054,18
5055,0
5056,81
5057,52
5058,52
5059,0
5060,21
5061,3
5062,10
5063,4
5064,11
5065,41
5066,3
5067,47
5068,90
5069,0
5070,45
5071,36
5072,0
5073,3
5074,72
5075,49
5076,62
5077,90
5078,88
5079,52
5080,52
5081,21
5082,21
5083,26
5084,86
5085,90
5086,49
5087,99
5088,40
5089,41
5090,97
5091,99
5092,88
