{"0": "apple_pie", "1": "baby_back_ribs", "2": "baklava", "3": "bawan", "4": "beef_carpaccio", "5": "beef_noodles", "6": "beef_soup", "7": "beef_tartare", "8": "beet_salad", "9": "beignets", "10": "bibimbap", "11": "bitter_melon_with_salted_eggs", "12": "braised_napa_cabbage", "13": "braised_pork_over_rice", "14": "bread_pudding", "15": "breakfast_burrito", "16": "brown_sugar_cake", "17": "bruschetta", "18": "bubble_tea", "19": "caesar_salad", "20": "cannoli", "21": "caozaiguo", "22": "caprese_salad", "23": "carrot_cake", "24": "ceviche", "25": "cheese_plate", "26": "cheesecake", "27": "chicken_curry", "28": "chicken_mushroom_soup", "29": "chicken_quesadilla", "30": "chicken_wings", "31": "chinese_pickled_cucumber", "32": "chocolate_cake", "33": "chocolate_mousse", "34": "churros", "35": "clam_chowder", "36": "club_sandwich", "37": "coffin_toast", "38": "cold_noodles", "39": "crab_cakes", "40": "crab_migao", "41": "creme_brulee", "42": "croque_madame", "43": "cup_cakes", "44": "deep-fried_chicken_cutlets", "45": "deep_fried_pork_rib_and_radish_soup", "46": "deviled_eggs", "47": "donuts", "48": "dried_shredded_squid", "49": "dumplings", "50": "edamame", "51": "egg_pancake_roll", "52": "eggs_benedict", "53": "eight_treasure_shaved_ice", "54": "escargots", "55": "falafel", "56": "filet_mignon", "57": "fish_and_chips", "58": "fish_head_casserole", "59": "foie_gras", "60": "french_fries", "61": "french_onion_soup", "62": "french_toast", "63": "fried-spanish_mackerel_thick_soup", "64": "fried_calamari", "65": "fried_eel_noodles", "66": "fried_instant_noodles", "67": "fried_rice", "68": "fried_rice_noodles", "69": "frozen_yogurt", "70": "garlic_bread", "71": "ginger_duck_stew", "72": "gnocchi", "73": "greek_salad", "74": "grilled_cheese_sandwich", "75": "grilled_corn", "76": "grilled_salmon", "77": "grilled_taiwanese_sausage", "78": "guacamole", "79": "gyoza", "80": "hakka_stir-fried", "81": "hamburger", "82": "hot_and_sour_soup", "83": "hot_dog", "84": "hot_sour_soup", "85": "huevos_rancheros", "86": "hummus", "87": "hung_rui_chen_sandwich", "88": "ice_cream", "89": "intestine_and_oyster_vermicelli", "90": "iron_egg", "91": "jelly_of_gravey_and_chicken_feet_skin", "92": "jerky", "93": "kung-pao_chicken", "94": "lasagna", "95": "lobster_bisque", "96": "lobster_roll_sandwich", "97": "luwei", "98": "macaroni_and_cheese", "99": "macarons", "100": "mango_shaved_ice", "101": "meat_dumpling_in_chili_oil", "102": "milkfish_belly_congee", "103": "miso_soup", "104": "mochi", "105": "mung_bean_smoothie_milk", "106": "mussels", "107": "mutton_fried_noodles", "108": "mutton_hot_pot", "109": "nabeyaki_egg_noodles", "110": "nachos", "111": "night_market_steak", "112": "nougat", "113": "omelette", "114": "onion_rings", "115": "oyster_fritter", "116": "oyster_omelet", "117": "oysters", "118": "pad_thai", "119": "paella", "120": "pancakes", "121": "panna_cotta", "122": "papaya_milk", "123": "peanut_brittle", "124": "peking_duck", "125": "pepper_pork_bun", "126": "pho", "127": "pig's_blood_soup", "128": "pineapple_cake", "129": "pizza", "130": "pork_chop", "131": "pork_intestines_fire_pot", "132": "potsticker", "133": "poutine", "134": "preserved_egg_tofu", "135": "prime_rib", "136": "pulled_pork_sandwich", "137": "ramen", "138": "ravioli", "139": "red_velvet_cake", "140": "rice_dumpling", "141": "rice_noodles_with_squid", "142": "rice_with_soy-stewed_pork", "143": "risotto", "144": "roasted_sweet_potato", "145": "sailfish_stick", "146": "salty_fried_chicken_nuggets", "147": "samosa", "148": "sanxia_golden_croissants", "149": "sashimi", "150": "saute_spring_onion_with_beef", "151": "scallion_pancake", "152": "scallops", "153": "scrambled_eggs_with_shrimp", "154": "scrambled_eggs_with_tomatoes", "155": "seafood_congee", "156": "seaweed_salad", "157": "sesame_oil_chicken_soup", "158": "shrimp_and_grits", "159": "shrimp_rice", "160": "sishen_soup", "161": "sliced_pork_bun", "162": "spaghetti_bolognese", "163": "spaghetti_carbonara", "164": "spicy_duck_blood", "165": "spring_rolls", "166": "steak", "167": "steam-fried_bun", "168": "steamed_cod_fish_with_crispy_bean", "169": "steamed_taro_cake", "170": "stewed_pig's_knuckles", "171": "stinky_tofu", "172": "stir-fried_calamari_broth", "173": "stir-fried_duck_meat_broth", "174": "stir-fried_loofah_with_clam", "175": "stir-fried_pork_intestine_with_ginger", "176": "stir_fried_clams_with_basil", "177": "strawberry_shortcake", "178": "sugar_coated_sweet_potato", "179": "sun_cake", "180": "sushi", "181": "sweet_and_sour_pork_ribs", "182": "sweet_potato_ball", "183": "tacos", "184": "taiwanese_burrito", "185": "taiwanese_pork_ball_soup", "186": "taiwanese_sausage_in_rice_bun", "187": "takoyaki", "188": "tanghulu", "189": "tangyuan", "190": "taro_ball", "191": "three-cup_chicken", "192": "tiramisu", "193": "tube-shaped_migao", "194": "tuna_tartare", "195": "turkey_rice", "196": "turnip_cake", "197": "twist_roll", "198": "waffles", "199": "wheel_pie", "200": "xiaolongbao", "201": "yolk_pastry"}